title	class	file	crc32	entries	entry_list	bios_data_bytes	bios_data_ranges	ram_boot_bytes	ram_live_bytes	bios_time_pct
2010 - The Graphic Action Game	commercial	ColecoVision/2010 - The Graphic Action Game (1984) (Coleco).col	c575a831	12	1F61,1F7C,1F82,1FB8,1FD9,1FDC,1FDF,1FEB,1FEE,1FF1,1FF4,1FFD	2	006A-006B	0	8	59.3
Adam's Musicbox Demo	commercial	ColecoVision/Adam's Musicbox Demo (1987) (Coleco).col	164c8c26	17	0010,0018,0020,0028,1F61,1F7F,1F82,1FB8,1FBE,1FC7,1FD9,1FDC,1FE5,1FEB,1FEE,1FF1,1FF4	0		0	2	91.5
Alcazar - The Forgotten Fortress	commercial	ColecoVision/Alcazar - The Forgotten Fortress (1985) (Activision).col	9cc3fabc	3	0020,0028,0030	0		0	0	4.2
Alphabet Zoo	commercial	ColecoVision/Alphabet Zoo (1984) (Spinnaker).col	4ffb4e8c	16	0008,0010,0028,0038,1F61,1F82,1FB8,1FD9,1FDC,1FDF,1FE2,1FEB,1FEE,1FF1,1FF4,1FFD	2	006A-006B	0	3	20.3
Amazing Bumpman	commercial	ColecoVision/Amazing Bumpman (1986) (Telegames).col	78a738af	17	0008,1F61,1F6A,1F6D,1F76,1F79,1F82,1F85,1FB8,1FD6,1FD9,1FDC,1FDF,1FE2,1FEE,1FF1,1FF4	2	006A-006B	0	10	14.7
Antarctic Adventure	commercial	ColecoVision/Antarctic Adventure (1984) (Konami)/Antarctic Adventure (1984) (Konami) (Prototype).col	a66e5ed1	0		0		0	0	0.0
Aquattack	commercial	ColecoVision/Aquattack (1984) (Interphase)/Aquattack (1984) (Interphase).col	275a7013	18	0010,0018,0020,0028,0030,0038,003B,0213,025E,027F,0300,080B,18D4,18E9,196B,1C4F,1CCA,1D57	0		0	3	65.7
Artillery Duel	commercial	ColecoVision/Artillery Duel (1983) (Xonox).col	adfa09e2	9	0008,1F61,1FD6,1FDF,1FE2,1FEE,1FF1,1FF4,1FFD	0		0	389	10.8
BC's Quest for Tires	commercial	ColecoVision/BC's Quest for Tires (1983) (Sierravision)/BC's Quest for Tires (1983) (Sierravision).col	4359a3e5	15	0008,1F61,1F7C,1F7F,1F82,1F85,1FB8,1FD9,1FDC,1FDF,1FE2,1FEB,1FEE,1FF1,1FF4	41	0000-0027,0040	0	139	50.4
BC's Quest for Tires II - Grog's Revenge	commercial	ColecoVision/BC's Quest for Tires II - Grog's Revenge (1984)/BC's Quest for Tires II - Grog's Revenge (1984) (32k).col	ca7fe4ce	15	0008,1F61,1F6A,1F7F,1F82,1F85,1FB8,1FBE,1FD9,1FDC,1FDF,1FE2,1FEB,1FEE,1FF4	49	18A3-18D3	0	25	8.3
Beamrider	commercial	ColecoVision/Beamrider (1983) (Activision) [!].col	2e8e9d42	20	1F61,1F76,1F85,1FB8,1FBE,1FC1,1FC4,1FC7,1FD3,1FD6,1FD9,1FDC,1FDF,1FE2,1FE5,1FEB,1FEE,1FF1,1FF4,1FFD	0		0	11	28.9
Blockade Runner	commercial	ColecoVision/Blockade Runner (1984) (Interphase).col	da29c284	19	0213,023B,025E,027F,0300,080B,1105,114A,18D4,18E9,1B1D,1C27,1C82,1CCA,1D01,1D3E,1D5A,1D60,1D66	0		0	8	10.9
Boulder Dash	commercial	ColecoVision/Boulder Dash (1984) (Micro Fun, Telegames)/Boulder Dash (1984) (Micro Fun).col	1796de5e	9	1F61,1F82,1FB8,1FBE,1FD9,1FEB,1FEE,1FF1,1FF4	499	0001-00FA,0439-0531	0	1	8.8
Brain Strainers	commercial	ColecoVision/Brain Strainers (1984) (Carousel).col	829c967d	5	1F79,1F82,1FD9,1FDF,1FFD	469	006A-006D,15AB-177A,1B9E	0	0	55.2
Buck Rogers - Planet of Zoom	commercial	ColecoVision/Buck Rogers - Planet of Zoom (1983) (Sega)/Buck Rogers - Planet of Zoom (1983) (Sega).col	1baf661e	19	1F61,1F7C,1F7F,1F82,1F85,1FB8,1FC1,1FC4,1FC7,1FCA,1FCD,1FD0,1FD3,1FD9,1FEB,1FEE,1FF1,1FF4,1FFA	2	1D43,1D47	0	13	15.6
Bump 'N' Jump	commercial	ColecoVision/Bump 'N' Jump (1982-84) (Mattel, Data East)/Bump 'N' Jump (1982-84) (Data East).col	002b22d4	20	1F61,1F7C,1F7F,1F82,1F85,1FB8,1FBE,1FC4,1FD6,1FD9,1FDC,1FDF,1FE5,1FE8,1FEB,1FEE,1FF1,1FF4,1FF7,1FFA	1	0069	0	11	45.9
Burgertime	commercial	ColecoVision/Burgertime (1982-84) (Mattel, Data East)/Burgertime (1982-83) (Mattel) (Prototype).col	e5c5ea20	18	1F61,1F82,1FB8,1FBE,1FC1,1FC4,1FC7,1FD3,1FD9,1FDC,1FE5,1FE8,1FEB,1FEE,1FF1,1FF4,1FF7,1FFA	0		0	6	53.0
Cabbage Patch Kids - Adventure in the Park	commercial	ColecoVision/Cabbage Patch Kids - Adventure in the Park (1983)/Cabbage Patch Kids - Adventure in the Park (1983).col	beacbff5	1	1F7C	0		0	0	1.5
Cabbage Patch Kids - Adventures in the Park	commercial	ColecoVision/Cabbage Patch Kids - Adventure in the Park (1983)/Cabbage Patch Kids - Adventures in the Park (1983) (Proto).col	f9d56307	8	023B,080B,1F7C,1F7F,1F82,1F85,1FBE,1FD9	49	18A3-18D3	0	0	1.8
Cabbage Patch Kids Picture Show	commercial	ColecoVision/Cabbage Patch Kids Picture Show (1984).col	0c25ad84	25	0008,080B,1F61,1F6A,1F7F,1F82,1FB8,1FBE,1FC4,1FC7,1FCA,1FCD,1FD0,1FD3,1FD6,1FD9,1FDC,1FDF,1FE2,1FEB,1FEE,1FF1,1FF4,1FFA,1FFD	2	006C-006D	0	23	60.1
Campaign '84	commercial	ColecoVision/Campaign '84 (1983) (Sunrise).col	72aceac7	15	1F61,1F76,1F79,1F7C,1F7F,1F82,1F85,1FC4,1FD6,1FD9,1FDC,1FDF,1FEE,1FF1,1FF4	0		0	2	12.8
Carnival	commercial	ColecoVision/Carnival (1982)/Carnival (1982).col	32bff3f3	23	1F61,1F7C,1F7F,1F82,1F85,1FB8,1FC7,1FCA,1FCD,1FD0,1FD3,1FD9,1FDC,1FDF,1FE2,1FE5,1FE8,1FEB,1FEE,1FF1,1FF4,1FFA,1FFD	0		0	17	34.0
Centipede	commercial	ColecoVision/Centipede (1983) (Atarisoft).col	17edbfd4	0		0		0	0	0.0
Choplifter	commercial	ColecoVision/Choplifter (1982-84) (Broderbund)/Choplifter (1982-84) (Broderbund).col	030e0d48	13	0010,0018,0020,1F61,1F7C,1F82,1FB8,1FD9,1FDC,1FEB,1FEE,1FF1,1FF4	292	006A-006D,1623-1672,16AB-177A	3	15	14.1
Chuck Norris - Super Kicks	commercial	ColecoVision/Chuck Norris - Super Kicks (1983) (Xonox).col	73e96e53	16	1F61,1F6A,1F70,1F76,1F82,1FB8,1FBB,1FBE,1FD6,1FD9,1FDC,1FDF,1FE2,1FEE,1FF1,1FF4	6	0000-0001,006A-006D	0	7	19.4
ColecoVision Monitor Test	commercial	ColecoVision/ColecoVision Monitor Test (1982).col	71ae16ed	0		0		0	0	0.0
Congo Bongo	commercial	ColecoVision/Congo Bongo (1984).col	ddafb16f	19	1F61,1F7C,1F7F,1F82,1F85,1FB8,1FBE,1FC1,1FC4,1FD6,1FD9,1FDC,1FDF,1FE5,1FEB,1FEE,1FF1,1FF4,1FFD	0		0	6	24.7
Cosmic Avenger	commercial	ColecoVision/Cosmic Avenger (1982) (Universal)/Cosmic Avenger (1982) (Universal).col	14d6ced6	10	1F61,1F7C,1FD9,1FDC,1FDF,1FEB,1FEE,1FF1,1FF4,1FFD	4	006A-006D	0	5	10.7
Cosmic Crisis	commercial	ColecoVision/Cosmic Crisis (1983) (Bit Corp).col	3a581cae	4	1D01,1D3E,1F82,1FD9	0		0	1	4.6
Dam Busters, The	commercial	ColecoVision/Dam Busters, The (1984).col	c75fad5a	14	1F61,1F7F,1F82,1F85,1FB8,1FBE,1FD9,1FDC,1FDF,1FE2,1FEB,1FEE,1FF1,1FF4	0		0	3	71.1
Dance Fantasy	commercial	ColecoVision/Dance Fantasy (1984) (Fisher-Price).col	bff86a98	12	1F61,1F79,1F82,1F85,1FD6,1FD9,1FDC,1FDF,1FE2,1FEE,1FF1,1FF4	0		0	1	14.1
Decathlon	commercial	ColecoVision/Decathlon (1983) (Activision).col	614bb621	16	0008,0018,0020,0028,1F61,1F76,1F7F,1F82,1F85,1FD6,1FD9,1FDC,1FE2,1FEE,1FF1,1FF4	0		0	276	6.8
Defender	commercial	ColecoVision/Defender (1983) (Atarisoft).col	ffd16997	0		768	15A3-18A2	0	0	0.0
Destructor	commercial	ColecoVision/Destructor (1984) (Coleco).col	56c358a6	25	0008,0010,0018,0020,0028,080B,1F61,1F7F,1F82,1FB8,1FBE,1FC4,1FC7,1FCD,1FD0,1FD3,1FD9,1FDC,1FDF,1FE2,1FEB,1FEE,1FF1,1FF4,1FFD	0		1	6	35.5
Dig Dug	commercial	ColecoVision/Dig Dug (1983) (Atarisoft)/Dig Dug (1983) (Atarisoft) (Prototype) [o1].col	1fe02bbc	0		0		0	0	0.0
Donkey Kong	commercial	ColecoVision/Donkey Kong (1982)/Donkey Kong (1982).col	3c77198c	23	1F61,1F6A,1F7C,1F82,1FB8,1FBE,1FC1,1FC4,1FC7,1FCD,1FD0,1FD3,1FD9,1FDC,1FE5,1FE8,1FEB,1FEE,1FF1,1FF4,1FF7,1FFA,1FFD	2	006C-006D	0	8	56.3
Donkey Kong Jr	commercial	ColecoVision/Donkey Kong Jr (1982-83).col	fd11508d	24	0008,0018,0020,0028,0030,1F61,1F7C,1F82,1FB8,1FC4,1FC7,1FCD,1FD0,1FD3,1FD9,1FDC,1FDF,1FE2,1FE5,1FEB,1FEE,1FF1,1FF4,1FFD	0		0	62	71.8
Donkey Kong for Adam	commercial	ColecoVision/Donkey Kong (1982)/Donkey Kong for Adam (1982).col	94c4cd4a	29	1F61,1F64,1F67,1F6A,1F7C,1F82,1F8B,1F91,1F94,1F9A,1FA0,1FA3,1FA6,1FAF,1FB2,1FB5,1FBE,1FC4,1FCD,1FD0,1FD3,1FD9,1FDC,1FE8,1FEB,1FF4,1FF7,1FFA,1FFD	2	006C-006D	0	7	57.1
Dr. Seuss's Fix-Up The Mix-Up Puzzler	commercial	ColecoVision/Dr. Seuss's Fix-Up The Mix-Up Puzzler (1984) (Coleco).col	109699e2	11	196B,1F7F,1F82,1F85,1FB8,1FBE,1FD9,1FDF,1FEB,1FEE,1FFD	0		0	5	26.8
DragonFire	commercial	ColecoVision/DragonFire (1984) (Imagic).col	dcb8f9e8	9	1F61,1F85,1FD9,1FDC,1FDF,1FEB,1FEE,1FF1,1FF4	0		0	8	15.0
Dukes of Hazzard, The	commercial	ColecoVision/Dukes of Hazzard, The (1984) (Warner Bros).col	4025ac94	17	0008,0010,0018,0020,0030,1F61,1F7C,1F82,1FB8,1FD9,1FDC,1FDF,1FEB,1FEE,1FF1,1FF4,1FFD	4	006A-006D	0	6	51.4
ELDCDBPAPP	commercial	ColecoVision/Q-bert (1983) (Parker Bros)/ELDCDBPAPP (Q-bert Hack).col	d3bd33e3	14	0008,0010,0018,0020,0028,0030,0038,1F79,1F7F,1FB8,1FD6,1FD9,1FDF,1FE2	0		0	100	34.7
Escape From The Mind Master	commercial	ColecoVision/Escape From The Mind Master (1983) (Starpath) (Prototype).col	3678ab6f	20	0008,0010,0018,0030,1F61,1F79,1F7F,1F82,1F85,1FB8,1FBB,1FBE,1FC4,1FD9,1FDC,1FDF,1FEE,1FF1,1FF4,1FFD	0		0	7	15.6
Evolution	commercial	ColecoVision/Evolution (1983) (Sydney).col	dff01cf7	13	1F61,1F7F,1F82,1F85,1FBE,1FD9,1FDC,1FDF,1FE2,1FEB,1FEE,1FF1,1FF4	4	0000-0001,0007-0008	0	6	39.6
Facemaker	commercial	ColecoVision/Facemaker (1983) (Spinnaker)/Facemaker (1983) (Spinnaker) [!].col	ec9dfb07	11	1F61,1F82,1FB8,1FD6,1FD9,1FDF,1FEB,1FEE,1FF1,1FF4,1FFD	0		0	2	68.3
Fall Guy	commercial	ColecoVision/Fall Guy (1983) (20th Century Fox) (Prototype).col	1bed9c5b	19	0008,0010,0018,0028,0030,1F61,1F7F,1F82,1F85,1FB8,1FBE,1FD9,1FDC,1FDF,1FE2,1FEB,1FEE,1FF1,1FF4	2	006C-006D	0	3	34.8
Fathom	commercial	ColecoVision/Fathom (1983) (Imagic).col	9eb58823	10	1F61,1F85,1FD9,1FDC,1FDF,1FE2,1FEB,1FEE,1FF1,1FF4	1	0069	0	9	12.9
Final Test Cartridge	commercial	ColecoVision/Final Test Cartridge (19xx).col	48ff87cf	1	1FEB	8192	0000-1FFF	0	10	0.4
Flipper Slipper	commercial	ColecoVision/Flipper Slipper (1983) (Spectravideo).col	7e97a22e	1	1F7C	496	158B-177A	0	0	0.8
Fortune Builder	commercial	ColecoVision/Fortune Builder (1984) (Circuits and Systems).col	65bbbcb4	11	1F61,1F7C,1F85,1FD9,1FDC,1FDF,1FE2,1FEB,1FEE,1FF1,1FF4	0		0	21	59.7
Fraction Fever	commercial	ColecoVision/Fraction Fever (1983) (Spinnaker).col	964db3bc	18	0008,0010,0018,0020,0028,0030,0038,1F61,1F82,1FD9,1FDC,1FDF,1FE2,1FEB,1FEE,1FF1,1FF4,1FFD	84	0069-006D,1623-1671	0	86	12.1
Frantic Freddy	commercial	ColecoVision/Frantic Freddy (1983) (Spectravideo).col	8615c6e8	1	023B	0		0	0	0.0
Frenzy!	commercial	ColecoVision/Frenzy! (1982-83)/Frenzy! (1982-83).col	bf1ccf04	25	0008,0010,0018,0020,1F61,1F7C,1F82,1FBB,1FBE,1FC7,1FCA,1FCD,1FD0,1FD3,1FD9,1FDC,1FDF,1FE2,1FEB,1FEE,1FF1,1FF4,1FF7,1FFA,1FFD	5	0069-006D	0	15	54.1
Frogger	commercial	ColecoVision/Frogger (1982-83) (Parker Bros)/Frogger (1982-83) (Parker Bros) [o1].col	32b95be0	10	0008,0010,0018,0020,1F61,1F79,1FD6,1FD9,1FDC,1FDF	0		0	0	28.5
Frogger II - ThreeDeep!	commercial	ColecoVision/Frogger II - ThreeDeep! (1984) (Parker Bros).col	04405423	8	1F76,1F82,1F85,1FB8,1FBB,1FBE,1FD6,1FD9	0		0	3	37.8
Frontline	commercial	ColecoVision/Frontline (1983) (Taito)/Frontline (1983) (Taito).col	9c551386	21	0008,0010,0018,0020,0028,0030,0038,1F61,1F7F,1F82,1F85,1FB8,1FD9,1FDC,1FDF,1FE2,1FEB,1FEE,1FF1,1FF4,1FFD	0		0	8	61.7
Galaxian	commercial	ColecoVision/Galaxian (1983) (Atarisoft)/Galaxian (1983) (Atarisoft).col	3f18ba6c	0		11	0004,0006-000F	0	0	0.0
Gateway to Apshai	commercial	ColecoVision/Gateway to Apshai (1984) (Epyx).col	0726b64d	18	0008,0010,0018,0028,1F61,1F79,1F7F,1F82,1F85,1FB8,1FBE,1FC4,1FD9,1FDC,1FDF,1FEE,1FF1,1FF4	0		0	6	7.3
Gorf	commercial	ColecoVision/Gorf (1981-83) (Midway)/Gorf (1981-83) (Midway).col	ff46becc	19	0008,0010,0018,0020,0028,0030,1F61,1F7C,1F82,1FB8,1FD9,1FDC,1FDF,1FE2,1FEB,1FEE,1FF1,1FF4,1FFD	4	006A-006D	3	38	55.3
Gust Buster	commercial	ColecoVision/Gust Buster (1983) (Sunrise).col	f2cac67c	12	1F61,1F79,1F82,1F85,1FD6,1FD9,1FDC,1FDF,1FE2,1FEE,1FF1,1FF4	2	006A-006B	0	5	21.0
Gyruss	commercial	ColecoVision/Gyruss (1984) (Parker Bros).col	b4ef0f1f	18	0008,0010,0018,0020,0028,0030,0038,1F79,1F7F,1F82,1F85,1FB8,1FBE,1FD6,1FD9,1FDC,1FDF,1FE2	0		0	4	4.6
H.E.R.O.	commercial	ColecoVision/H.E.R.O. (1984) (Activision).col	685ab9b5	6	1F82,1FD6,1FD9,1FDC,1FDF,1FEB	35	18CA,18CC,1926,1AE0-1AFF	0	8	13.0
Heist, The	commercial	ColecoVision/Heist, The (1983) (Micro Fun)/Heist, The (1983) (Micro Fun).col	6f2e2d84	0		1	0000	0	0	0.0
Illusions	commercial	ColecoVision/Illusions (1984) (Nice Ideas)/Illusions (1984) (Nice Ideas).col	2787516d	7	1F79,1F7C,1FBE,1FD9,1FDC,1FEB,1FFD	777	0069,158B-1592,15A3-18A2	0	4	11.1
Its Only Rock 'N' Roll	commercial	ColecoVision/Its Only Rock 'N' Roll (1984) (Xonox).col	cc43ebf7	15	0008,0018,0028,0030,18F7,1F61,1F82,1FD9,1FDC,1FDF,1FEB,1FEE,1FF1,1FF4,1FFD	0		0	3	11.4
JBulman Junior	commercial	ColecoVision/Jumpman Junior (1984) (Epyx)/JBulman Junior (Jumpman Jr. Hack) by Daniel Bienvenu (1997).col	ba0434f1	22	0008,0010,0018,0020,0028,0030,1F61,1F79,1F7F,1F82,1F85,1FB8,1FBE,1FC4,1FD9,1FDC,1FDF,1FE2,1FEE,1FF1,1FF4,1FFD	0		0	6	8.2
James Bond 007	commercial	ColecoVision/James Bond 007 (1984) (Parker Bros).col	3004a253	16	0008,0010,0018,0020,0038,1F61,1F79,1F7F,1F82,1F85,1FBB,1FBE,1FD6,1FD9,1FDC,1FDF	0		0	72	3.0
Joust	commercial	ColecoVision/Joust (1983) (Atarisoft) (Prototype).col	52228000	0		0		0	0	0.0
Juke Box	commercial	ColecoVision/Juke Box (1984) (Spinnaker).col	a5511418	10	1F61,1F70,1F82,1FB8,1FC7,1FD9,1FDC,1FDF,1FEB,1FEE	0		0	7	13.4
Jumpman Junior	commercial	ColecoVision/Jumpman Junior (1984) (Epyx)/Jumpman Junior (1984) (Epyx).col	060c69e8	22	0008,0010,0018,0020,0028,0030,1F61,1F79,1F7F,1F82,1F85,1FB8,1FBE,1FC4,1FD9,1FDC,1FDF,1FE2,1FEE,1FF1,1FF4,1FFD	0		0	6	8.2
Jungle Hunt	commercial	ColecoVision/Jungle Hunt (1983) (Atarisoft).col	e8858484	0		0		0	0	0.0
Ken Uston's Blackjack-Poker	commercial	ColecoVision/Ken Uston's Blackjack-Poker (1983)/Ken Uston's Blackjack-Poker (1983).col	8c7b7803	14	1F61,1F82,1FC7,1FCD,1FD0,1FD3,1FD9,1FDC,1FDF,1FEB,1FEE,1FF1,1FF4,1FFD	0		1	3	14.3
Keystone Kapers	commercial	ColecoVision/Keystone Kapers (1983-84) (Activision).col	fad8d414	13	1F61,1F7F,1F82,1F85,1FB8,1FBE,1FD9,1FDC,1FDF,1FEB,1FEE,1FF1,1FF4	0		0	5	14.6
Lady Bug	commercial	ColecoVision/Lady Bug (1982) (Universal).col	2c3097b8	11	1F61,1F7C,1FD9,1FDC,1FDF,1FE2,1FEB,1FEE,1FF1,1FF4,1FFD	4	006A-006D	0	4	8.4
Learning With Leeper	commercial	ColecoVision/Learning With Leeper (1983) (Sierravision) [!].col	1641044f	8	1F61,1F82,1FD9,1FDF,1FEE,1FF1,1FF4,1FFD	0		0	0	3.3
Linking Logic	commercial	ColecoVision/Linking Logic (1984) (Fisher-Price).col	918f12c0	32	0008,0010,0018,0020,0028,0030,0038,07E8,08C0,1F61,1F6A,1F82,1FB8,1FBB,1FBE,1FC7,1FCD,1FD0,1FD3,1FD6,1FD9,1FDC,1FDF,1FE2,1FE5,1FE8,1FEB,1FEE,1FF1,1FF4,1FFA,1FFD	4	006A-006D	0	8	43.0
Logic Levels	commercial	ColecoVision/Logic Levels (1984) (Fisher-Price).col	c28d7062	21	0038,08C0,1F61,1F7F,1F82,1FB8,1FBE,1FC7,1FCD,1FD0,1FD3,1FD6,1FD9,1FDC,1FDF,1FEB,1FEE,1FF1,1FF4,1FFA,1FFD	2	006A-006B	0	6	37.4
Looping	commercial	ColecoVision/Looping (1983) (Venture Line)/Looping (1983) (Venture Line).col	6a2d637b	18	0008,0010,0018,0020,0028,0030,1F61,1F7C,1F82,1FB8,1FD9,1FDC,1FDF,1FE2,1FEB,1FEE,1FF1,1FF4	4	006A-006D	0	7	10.6
M.A.S.H.	commercial	ColecoVision/M.A.S.H. (1983) (20th Century Fox) (Prototype).col	fc95b302	17	1F61,1F7C,1F7F,1F82,1F85,1FB8,1FBB,1FBE,1FD6,1FD9,1FDC,1FDF,1FEB,1FEE,1FF1,1FF4,1FF7	0		0	3	42.0
Matt Patrol	commercial	ColecoVision/Matt Patrol (1984) (Atarisoft) (Prototype).col	90007079	7	0008,0010,0018,0020,0028,0030,0038	0		0	0	0.1
Memory Manor	commercial	ColecoVision/Memory Manor (1984) (Fisher-Price)/Memory Manor (1984) (Fisher-Price) [o1].col	861c9825	4	1F79,1FD9,1FDF,1FFD	2	006C-006D	0	0	12.3
Meteoric Shower	commercial	ColecoVision/Meteoric Shower (1983) (Bit Corp).col	3beffc06	5	18D4,1D01,1D3E,1F82,1FD9	0		3	1	19.6
Miner 2049er	commercial	ColecoVision/Miner 2049er (1983) (Micro Fun)/Miner 2049er (1983) (Micro Fun).col	71d1bd4d	0		1	0000	0	0	0.0
Monkey Academy	commercial	ColecoVision/Monkey Academy (1984) (Konami)/Monkey Academy (1984) (Konami) (Prototype).col	d1e8df85	0		144	0011-0012,002B-002C,0031-0032,0056-0057,006E-006F,0103-0104,0192-0193,01E6-01E7,020F-0210,021E-021F,0234-0235,027B-027C,0325-0326,0336-0337,037B-037C,0397-0398,043D-043E,0473-0474,0501-0502,0830-0832,0848-0849,084E-084F,087F-0880,08F4-08F5,0903-0904,094B-094C,0A27-0A28,0A39-0A3A,0A4D-0A4E,0A51-0A53,0A7F-0A80,0B05-0B06,0B13-0B14,0B27-0B28,0B2C-0B2D,0B52-0B53,0B79-0B7A,0B83-0B84,0BF6-0BF7,0BF9-0BFA,0C37-0C38,0C46-0C47,0C56-0C58,0C7C-0C7D,0CBA-0CBB,1026-1027,1101-1102,1159-115A,1222-1223,1258-1259,133A-133C,135F-1360,136C-136D,137D-137E,13AC-13AD,1403-1404,144D-144E,14AC-14AD,152B-152C,1531-1532,154F-1550,181A-181B,1921-1922,1978-1979,1A1B-1A1C,1A6B-1A6C,1B2D-1B2E,1B66-1B67,1B80-1B81,1C1C-1C1D	0	0	0.0
Montezuma's Revenge	commercial	ColecoVision/Montezuma's Revenge (1984) (Parker Bros).col	0bd9d073	14	1F6A,1F6D,1F73,1F76,1F7F,1F82,1F85,1FBB,1FBE,1FC1,1FC4,1FD6,1FD9,1FDC	0		0	14	42.1
Moonsweeper	commercial	ColecoVision/Moonsweeper (1983) (Imagic)/Moonsweeper (1983) (Imagic).col	8a303f5a	11	1F61,1F79,1F82,1F85,1FD6,1FD9,1FDC,1FDF,1FEE,1FF1,1FF4	0		0	0	17.7
Motocross Racer	commercial	ColecoVision/Motocross Racer (1984) (Xonox)/Motocross Racer (1984) (Xonox).col	935ebe62	13	1F61,1F76,1F79,1F82,1F85,1FBE,1FD6,1FD9,1FDF,1FE2,1FEE,1FF1,1FF4	4	006A-006D	0	28	18.6
Mountain King	commercial	ColecoVision/Mountain King (1983-84) (Sunrise)/Mountain King (1983-84) (Sunrise) [!].col	d8d73246	17	0008,0010,0018,0020,1F61,1F6A,1F76,1F79,1F82,1FB8,1FD6,1FD9,1FDF,1FE2,1FEE,1FF1,1FF4	4	006A-006D	0	16	14.1
Mousetrap	commercial	ColecoVision/Mousetrap (1982) (Exidy)/Mousetrap (1982) (Exidy) [o1].col	fd8b79b3	26	0010,0018,0028,0030,1F61,1F7C,1F82,1FB8,1FBB,1FBE,1FC1,1FC4,1FC7,1FCD,1FD0,1FD3,1FD9,1FDC,1FDF,1FE5,1FE8,1FEB,1FEE,1FF1,1FF4,1FFA	0		0	9	62.7
Mr. Do!	commercial	ColecoVision/Mr. Do! (1983) (Universal)/Mr. Do! (1983) (Universal).col	461ab6ad	20	1F61,1F7C,1F82,1FB8,1FBE,1FC1,1FC4,1FC7,1FCD,1FD0,1FD3,1FD9,1FDC,1FDF,1FE2,1FEB,1FEE,1FF1,1FF4,1FFD	4	006A-006D	0	209	58.7
Mr. Do's Castle	commercial	ColecoVision/Mr. Do's Castle (1983) (Parker Bros)/Mr. Do's Castle (1983) (Parker Bros).col	ef7e9562	15	0008,0010,0018,0020,0028,0030,0038,1F61,1F76,1F82,1FB8,1FD6,1FD9,1FDF,1FE2	360	160B-1772	0	5	4.8
Ms. Space Fury	commercial	ColecoVision/Ms. Space Fury (Digital Press) (2001).col	dffd8cb4	8	1F76,1F82,1F85,1FD6,1FD9,1FDC,1FDF,1FE2	2	1D43,1D47	0	12	6.0
Nova Blast	commercial	ColecoVision/Nova Blast (1983) (Imagic)/Nova Blast (1983) (Imagic) [!].col	ea06f585	6	1F85,1FD9,1FDC,1FE2,1FEB,1FEE	0		0	33	84.3
Oil's Well	commercial	ColecoVision/Oil's Well (1984) (Sierravision)/Oil's Well (1984) (Sierravision).col	add10242	6	1F82,1FD9,1FDC,1FDF,1FEB,1FFD	0		0	7	44.8
Omega Race	commercial	ColecoVision/Omega Race (1981-83) (Midway).col	9921ecb5	12	0008,0010,0018,0028,080B,1F7F,1F82,1F85,1FBE,1FD9,1FEB,1FEE	0		0	5	76.3
One on One Basketball	commercial	ColecoVision/One on One Basketball (1984) (Micro Fun).col	17c77c3a	9	1F61,1F82,1FB8,1FBE,1FD9,1FEB,1FEE,1FF1,1FF4	0		0	4	7.1
Pac-Man	commercial	ColecoVision/Pac-Man (1983) (Atarisoft)/Pac-Man (1983) (Atarisoft) (Prototype) [o1].col	1c7c99d8	0		33	0000,0041,0142,0243,0344,0445,0546,0647,0748,0849,094A,0A4B,0B4C,0C4D,0D4E,0E4F,0F50,1051,1152,1253,1354,1455,1556,1657,1758,1859,195A,1A5B,1B5C,1C5D,1D5E,1E5F,1F60	0	0	0.0
Pepper II	commercial	ColecoVision/Pepper II (1983) (Exidy).col	53b85e20	19	0008,0010,0018,0028,0030,1F61,1F7C,1FB8,1FC7,1FCD,1FD0,1FD3,1FD9,1FDC,1FEB,1FEE,1FF1,1FF4,1FFD	190	006A-006D,1623-163A,164B-1652,165B-1662,16AB-16BA,16C3-16D2,16DB-16E2,16EB-16F2,1703-172A,1733-175A,176B-177A,1D43,1D47	0	4	15.0
Pitfall II - Lost Caverns	commercial	ColecoVision/Pitfall II - Lost Caverns (1983-84) (Activision).col	851a455f	5	1F79,1F7F,1FB8,1FD6,1FD9	0		0	0	0.4
Pitfall!	commercial	ColecoVision/Pitfall! (1983) (Activision)/Pitfall! (1983) (Activision) [!].col	d4f180df	16	1F61,1F6A,1F6D,1F76,1F85,1FB8,1FBE,1FC1,1FC4,1FD6,1FD9,1FDC,1FEB,1FEE,1FF1,1FF4	0		0	6	17.1
Pitstop	commercial	ColecoVision/Pitstop (1983) (Epyx)/Pitstop (1983) (Epyx).col	e627fcf0	25	0018,0020,0028,0030,003B,1F61,1F6A,1F6D,1F76,1F7F,1F85,1FB8,1FBB,1FBE,1FC1,1FC4,1FD6,1FD9,1FDC,1FDF,1FE2,1FEE,1FF1,1FF4,1FFD	0		0	33	4.6
Popeye	commercial	ColecoVision/Popeye (1983) (Parker Bros)/Popeye (1983) (Parker Bros).col	a095454d	14	0008,0010,0018,0020,0038,1F76,1F79,1F7F,1F82,1FB8,1FD6,1FD9,1FDF,1FE2	0		0	35	34.8
Porky's	commercial	ColecoVision/Porky's (1983) (20th Century Fox) (Prototype).col	46fc1c00	21	0010,0018,0020,0028,1F61,1F6A,1F7C,1F7F,1F82,1F85,1FB8,1FBE,1FD6,1FD9,1FDC,1FDF,1FEB,1FEE,1FF1,1FF4,1FF7	4	006A-006D	0	3	53.8
Power Lords - Quest for Volcan	commercial	ColecoVision/Power Lords - Quest for Volcan (1983) (Prototype).col	caa61d8d	8	1F61,1F76,1F7F,1F82,1FD6,1FD9,1FDC,1FDF	2	006C-006D	0	4	23.2
Q-bert	commercial	ColecoVision/Q-bert (1983) (Parker Bros)/Q-bert (1983) (Parker Bros).col	532f61ba	14	0008,0010,0018,0020,0028,0030,0038,1F79,1F7F,1FB8,1FD6,1FD9,1FDF,1FE2	0		0	100	34.7
Q-bert II	commercial	ColecoVision/Q-bert II (1984) (Parker Bros).col	e45496d3	16	0008,0010,0018,0020,0028,0030,0038,1F61,1F79,1F7C,1F82,1FD6,1FD9,1FDC,1FDF,1FE2	3896	0000-000F,0011-0017,0019-001B,001D-001E,0021-0023,0025-0027,0029-002B,002D-002F,0031-003B,003D,003F,0041,0043,0050-0051,0054-0057,005C,006B,006F,0072,0076,007C,0080,0082-0084,0088,008B-008C,008F,0091,0093,0096,009B-009C,009F-00A0,00A2,00A4,00AC,00B2-00B3,00B6,00B8,00BA-00BB,00BD,00C2-00C3,00C6-00C8,00CD,00CF-00D0,00D2,00D8-00D9,00DB,00DD,00DF-00E0,00E2,00E4,00E6,00E8,00EC,00EE-00F0,00F5,00FB-00FF,0101-010A,010C-0110,0112-0117,0119-011C,011E-011F,0121-0127,0129-012F,0131-0133,0135-013B,013D,013F,0141,0145,0149-014A,014E,0150-0151,0155,0157,015C,015E,0163,0168-0169,016D,016F,0174,0176,0179-017B,017D,017F,0184,018A-018B,018D-018E,0193,019B-019C,01A0-01A1,01A6,01AA,01AC-01AE,01B1,01B3,01B6,01BB,01BF,01C1-01C2,01C5,01C8-01CA,01CC,01CF,01D1,01D5-01D6,01D8,01E5,01E7-01E8,01EA,01EE,01F0,01F5,01F9-01FA,01FE,0200-020B,020D-020E,0211-0215,0217,0219-021F,0221-0223,0225-0226,0228-022F,0231-0233,0235-0237,0239-023F,0242-0245,0248-024B,024E,0251,0253,0257-0259,025E,0262,0264-0267,026B-026C,0270-0274,0277,027C,027F,0289,0292,029B,029D,029F,02A5,02A8,02AC,02B3,02C1,02C4,02D2,02DD,02EB,02F3,02FA-02FB,0301-0303,0305-0307,0309-030F,0311-0313,0315-0317,0319-031B,031D-031F,0321-0323,0325-0327,0329-032D,0330-0337,0339-033A,033C-0341,0343-0346,0348-034A,034C-034D,034F,0353,0355-0357,035D,0361,0364-0365,0369-036A,036D-036E,0370-0371,0375,0377-0379,037C,037E-037F,0389,038D,0390-0391,0399,039D,03A2-03A3,03A6,03AA,03AE-03AF,03B1-03B3,03B8,03BA,03BE,03C1-03C4,03CF-03D0,03D6-03D7,03DA,03DE,03E0,03E3-03E4,03E7,03F1-03F2,03F5,03F8,03FC,03FF,0401-0407,040B-040C,040E-0414,0416-0417,0419-042F,0431-0437,0439-043D,043F,0444-0446,044A-044C,044F,0451,0453,0456-0457,045C,045E,0461,0464-0466,0469,046B,046D-0471,0476,047A,047D,047F,048D-048E,0490-0491,0495,0498,049D,04B2,04B4-04B5,04B8,04BB,04C3-04C4,04C9,04CD-04CF,04D5,04D8,04DE,04E0-04E1,04E5,04F7,04FC,04FE,0500-0507,050A-050B,050D-050F,0511-051F,0521-0523,0525-052A,052C-052E,0531,0533-0534,0536-0537,0539-053D,053F-0540,0543,0545-0547,0549-054B,054D,0551,0553,0555-0557,055E,0560,0563,0565-0567,0569,056B,056E-056F,0572,0576-0577,057B,0580-0581,0584,0587-0588,058E-058F,0593-0594,0596,059D,05A4,05A7,05AC,05AF,05B3,05B7,05BD,05C2,05C4,05CA,05CF,05D1-05D3,05D5-05D7,05DD,05E2,05E4,05E6-05E8,05EC,05F0,05F4,05FA,05FC,0600-0607,0609-060B,060D-060E,0611-0616,0618-061F,0621-0627,062A-0633,0635-0637,0639,063B-063F,0641-0642,0645-064B,064D,064F,0651-0652,0654-0658,065B-065F,0661-0662,0664,0666-0668,066C-066D,066F-0673,067A-067C,067E,0683,0686,068B,068D,0691-0692,0698,069A,069C-069D,06A9,06AE,06B2,06BC,06CB-06CC,06CF,06D4,06D6,06D8,06DF,06E3,06E5,06EB-06EC,06F3,0701-070D,070F-0713,0715-0717,0719-0727,0729-072B,072D-072F,0732-0737,0739-0740,0742,0744-0746,0748,074B,074D,0750,0754,0756,0759-075B,075E-075F,0762,0764,076A,076E-0770,0772-0774,0776-0778,077D,077F,0784,078F,0794,079B,07A0,07A7,07AD,07B3,07C0,07C3-07C6,07C9-07CA,07CC,07D0-07D1,07D6,07DB,07E2,07E5,07E7-07E9,07EF,07F9,07FD-07FE,0801-0817,0819,081B-081F,0821-0827,0829-082F,0831-0836,0839-083B,083D-083E,0841-0842,0845-084B,084D-084E,0851,0857,085A,085E,0862,0865,0867,0871,0877-0878,087B-087C,0882-0883,0887,0889-088B,088F-0891,0893-0894,0896-0897,0899-089B,089F-08A1,08A3-08A6,08A8,08AA,08AE-08AF,08B2-08B3,08B5,08B8-08BC,08C1-08C2,08C7,08C9-08CF,08D2,08D7,08DA-08DC,08DF-08E0,08E2,08E4,08EA,08EC-08ED,08EF,08F1-08F5,08F7-08FA,08FE-08FF,0902-090E,0910-0917,0919-091F,0921-0923,0925-0927,0929-0942,0947-0948,094B,094D,094F-0950,0954,0957-095A,095C,095E-0960,0962,0966,096B,0972,0975,0977-0978,097D-097E,0982,0985,0987,098E-098F,0994-0995,099A,09A4,09AA,09B2,09B7,09BA,09C2-09C3,09CF,09D1-09D2,09D4,09DE,09E2,09EA,09EC-09ED,09EF,09F1,09F3,09FB,09FE,0A01-0A07,0A09-0A27,0A29-0A2A,0A2C-0A3F,0A41-0A44,0A46,0A4C-0A4E,0A50,0A52,0A55-0A57,0A59-0A5D,0A5F-0A60,0A62-0A64,0A69,0A6C,0A6F-0A71,0A73,0A75,0A77-0A78,0A7B-0A7D,0A7F,0A89-0A8A,0A8E-0A90,0A94,0A96-0A97,0A9E,0AA9-0AAA,0AAE-0AAF,0AB1-0AB2,0AB5,0ABA-0ABC,0ABE,0ACC,0AD0-0AD1,0ADC,0AE1,0AEA,0AED,0AF5-0AF6,0AFC,0B00-0B07,0B09-0B0F,0B11-0B1F,0B21-0B23,0B25-0B27,0B29-0B2D,0B2F-0B3B,0B3D-0B3F,0B44,0B47,0B49-0B4A,0B4D,0B4F,0B52,0B54,0B56-0B5A,0B5C,0B5E,0B61,0B63,0B65-0B68,0B6A-0B6C,0B6E,0B71-0B75,0B78,0B7E,0B83,0B85,0B88,0B8A-0B8C,0B8E-0B90,0B93,0B99,0B9F,0BA2,0BA4-0BA8,0BAD-0BAE,0BB0-0BB1,0BB3,0BC5-0BC6,0BC8,0BCC,0BCF,0BD4,0BD9,0BDB-0BDD,0BE1-0BE2,0BE4,0BEA,0BEC,0BF0-0BF1,0BF4,0BF6-0BF8,0BFA-0BFB,0BFF,0C01-0C17,0C19-0C29,0C2B-0C35,0C37,0C39-0C3F,0C42,0C47,0C4C-0C4E,0C50,0C52-0C54,0C5C-0C5D,0C61,0C65,0C67,0C69-0C6A,0C6E,0C71,0C73,0C75,0C78,0C7A,0C7C,0C86,0C89,0C8C,0C90-0C94,0C9C,0CA2,0CA4,0CA7-0CA8,0CAB,0CB3,0CB7,0CBC,0CBE-0CC1,0CC3,0CC7,0CC9,0CCD-0CCE,0CD3,0CD7,0CDC,0CE0,0CE2,0CE5,0CE7-0CE8,0CEA,0CF4-0CF5,0CF7-0CF8,0CFA-0CFB,0CFF-0D07,0D09-0D0F,0D11-0D17,0D19-0D23,0D25-0D2A,0D2C-0D2F,0D31-0D34,0D36-0D3B,0D3D-0D3F,0D42,0D45,0D48-0D4A,0D4C-0D4D,0D50,0D55,0D58-0D5B,0D5D,0D5F,0D64-0D66,0D68-0D6A,0D6D-0D6F,0D72-0D73,0D76,0D78,0D7A-0D7B,0D7D,0D86-0D87,0D8E,0D97,0D9D,0D9F,0DA6,0DAD,0DB7,0DBB-0DBC,0DBF,0DC4-0DC5,0DC7,0DD0,0DD8,0DDA,0DDD,0DE2,0DE7,0DEA,0DF4-0DF5,0DF9,0DFB,0E00-0E0B,0E0D-0E1A,0E1C,0E1E-0E25,0E27-0E37,0E39-0E41,0E45,0E48-0E49,0E4E-0E4F,0E51,0E53,0E57-0E58,0E5A,0E5D,0E5F-0E60,0E62,0E65,0E69,0E6B,0E6D-0E6E,0E71,0E75,0E78-0E7B,0E7E-0E7F,0E81-0E82,0E8A-0E8B,0E8D,0E90,0E95,0E9A,0EA0,0EA8-0EA9,0EAB-0EAD,0EB9,0EBE,0ECE,0ED7,0EDC,0EE1-0EE4,0EEF,0EFA,0EFD,0EFF,0F01-0F02,0F04,0F06-0F0A,0F0C-0F1B,0F1D-0F1F,0F21-0F29,0F2B,0F2D-0F2F,0F31-0F37,0F39-0F3B,0F3D-0F3E,0F40-0F41,0F44,0F47,0F4D,0F51-0F54,0F59-0F5A,0F5C-0F5D,0F62,0F65-0F67,0F6B,0F72-0F73,0F76-0F78,0F7A-0F7C,0F82,0F88,0F8A-0F8B,0F8F,0F96,0F98,0F9B,0F9E,0FA0,0FA6,0FA8,0FAC,0FB0,0FB2,0FB6-0FB8,0FBB-0FBD,0FC1,0FCA-0FCC,0FCE-0FD1,0FD3,0FD7,0FD9,0FDB,0FE0-0FE2,0FE8-0FE9,0FEB,0FED,0FEF,0FF2,0FF5,0FF7,0FFA,0FFC,1000-1008,100A-100B,100D-100F,1011-1017,1019-101F,1021-1027,1029-102B,102D-102F,1031-103F,1041,1043-1044,104B-104C,104E,1050,1052,1054,1056,1058,105A,105E,1063-1064,1066-1067,1069-106A,106D-106F,1072-1074,1078,107A,107F,1084,1086,108D,1090,1096,1099-109A,109C,10A3,10A6,10AF,10B1,10B9,10BC,10BE,10C2,10C4,10C6,10D2,10D4,10D7,10DA,10DD-10DF,10E1,10E3,10EF-10F0,10F3,10F8,10FC,10FE-1106,1109-1111,1113,1115-1116,1119-1127,1129-112B,112D-112F,1131-1137,1139-113F,1141,1143,1145,1148-1149,114C,114F,1151-1152,1156,1158-115A,115C,115F,1161-1163,1165-1167,1169,116C-116D,1170-1172,1178-117D,1181-1182,1186,118E,1190,1194,1198-119A,119D,11A2-11A4,11B4,11B7,11BD-11BE,11C0,11C3-11C5,11C8,11D2-11D4,11DC,11DF,11E2,11E9,11ED-11F0,11F6-11F7,11FA-11FB,1201-1203,1206-1207,1209-1213,1215-121C,121E-121F,1221-1222,1224-1227,1229-122C,122E-122F,1231-123B,123D-1240,1245-1248,124A-124B,124E,1252-1254,1256,1258-125D,125F,1262-1263,1268-126A,126C,126E-126F,1271,1273-1274,1276-1279,127D,1280-1282,128C,1290,1292,1295,1297,129E,12A4,12A8,12AB-12AC,12AF-12B0,12B6-12B8,12BD-12BE,12C2-12C3,12C9,12CB,12D0,12D2-12D5,12D8,12DC,12DF,12E1,12E5,12E7,12F5-12F6,12F8-12FA,12FD-12FE,1301-130F,1311-1327,1329-132F,1331-1334,1336-1340,1342-1343,1346,1348,134B-134C,134E,1350-1352,1354,1356-1357,135A-135C,135E-1361,1363,1366-1367,1369,136B,136F,1371-1372,1377,1379,137D,1386,1389,138B,1392,1396,1398,13A0,13A2,13A6-13A7,13AD,13B3,13BA,13C2-13C5,13CA,13D1,13DA,13E7,13EB,13F2-13F4,13F6-13F8,13FE,1401-1407,1409,140B,140D-1410,1412-1417,1419-1442,1444-1447,144C,1452-1453,1455,1458,145B-145C,1463-1464,1468-146A,146C,146E-1470,1473,1475,1477-147A,147F,1482,1485,1487-1489,148D,148F-1490,1492-1493,1497,149E-149F,14A2-14A3,14A6-14A9,14B0-14B2,14B7-14B9,14BE-14BF,14C1-14C2,14C5,14C7,14C9-14CD,14CF,14D5,14D9,14DD-14DE,14E0,14E2-14E3,14E7,14EA,14EC,14EE,14F0,14F3-14F5,14FC,14FE,1501-1507,1509-150B,150D-150F,1511-1516,1518-151F,1521-1527,1529-152B,152D-152F,1531,1533,1535-1537,1539-153F,1543,1547,1549,154B,1550,1552,1555,155F,1565,1568-1569,156B-156E,1574,1579-157A,1581-1583,1585-1587,1589-158B,158E-158F,1592,1594,1596,1598-159A,159D-159F,15A3,15A5,15A7-15A9,15AB,15B3-15B4,15BA,15BC-15BD,15BF,15C2,15C4,15C7,15C9-15CA,15CC,15CE,15D1-15D6,15DD,15E4,15E6,15E8,15EA-15EB,15EE-15F0,15F4-15F7,15F9-15FB,1601-160F,1611-1613,1615-1618,161A-161B,161D-1622,1624-1627,1629-162B,162D-162F,1631-1637,1639-163B,163D-1641,1643,1646,1648-1649,164E,1652,1654-1655,1657,1659-165B,165D-165E,1663-1664,1668-1669,166B-166F,1671,1677,1679,167C-167E,1685,1695,169E,16B9,16C0,16C7,16E2,16F1,16F9,16FC,1701-1705,1707,1709-170F,1711-1713,1715-1717,1719-171B,171D-171F,1721-1727,1729,172B-172F,1731-1736,1739-173F,174C,174F,1752-1753,1755,1757,1759,175B,175D,1762,1767,1769-176A,176D,176F,177E,1780,1782-1785,1787-178E,1791,1793-1794,1796,179A-179C,17A0-17A1,17A6-17A7,17A9-17AB,17AD-17AE,17B1,17B3,17B6-17B7,17BB-17BD,17BF-17C0,17C2-17C4,17C6,17CA-17CC,17D0,17D3-17D5,17D7-17D8,17DD-17DE,17E2,17E5-17E6,17EB,17ED-17EE,17F1,17F3-17F4,17F6,17F8-17FD,1800-1803,1805-180F,1811,1813,1815-181B,181E-181F,1821-182B,182D-182F,1831-1836,1839-183C,183E-1840,1842-1843,1845,1847-1848,184A,184D,1850,1854,185C,1863,1867,186A,1878,187F-1881,1886,1889-188B,188F-1890,1893-1894,189A,189D,189F,18A4-18A5,18A9,18B1-18B3,18B6-18B8,18BB-18BC,18C0-18C1,18C3-18C4,18C7,18D1,18D3-18D6,18D8,18DB-18DC,18DE,18E2,18E5,18E7-18E9,18EC-18ED,18F1-18F2,18F5-18F9,18FE,1900-1913,1915-1917,1919-191F,1921-192F,1931-1940,1942,1944,1948-194E,1950-1952,1954-1956,1958-1959,195B,195D,1961,1964,1967-1969,196C-196D,1970-1971,1973-1975,1977-1978,197B,197D,197F-1980,1982,1984-1985,198A,1994-1995,1999-199B,199E,19A5,19A8,19AD-19AE,19B1-19B2,19B9,19C6,19D5-19D6,19D9,19DD-19DE,19EA-19EC,19EE,19F3,19F7,19FA,1A02-1A03,1A05-1A07,1A09-1A0F,1A11-1A1F,1A21-1A26,1A28-1A2A,1A2D-1A2F,1A31-1A37,1A39-1A3B,1A3D-1A43,1A45,1A4A-1A4B,1A4F,1A53,1A57,1A5A,1A5C-1A5E,1A60-1A61,1A64-1A65,1A6B,1A6E-1A70,1A72-1A75,1A77,1A7B,1A7F-1A80,1A84,1A87,1A89,1A8F,1A92,1A94,1A96-1A97,1A9A-1A9C,1AA0,1AA2,1AA8,1AB1,1AB3,1AB9-1ABB,1ABE,1AC0,1AC9,1ACE,1AD1,1AD6,1AD9,1ADE,1AE1,1AE6-1AE7,1AE9,1AEC,1AF7,1AF9,1B00-1B07,1B09-1B0F,1B11-1B13,1B16-1B27,1B29-1B33,1B35-1B37,1B39-1B40,1B42,1B44,1B46-1B47,1B4B,1B4E-1B4F,1B52-1B55,1B58,1B5D-1B5E,1B60,1B62,1B64,1B68,1B6B,1B6D-1B6E,1B70,1B72-1B73,1B75-1B76,1B7A-1B7B,1B7D-1B80,1B83-1B84,1B88-1B8A,1B8E,1B93,1B97,1B99-1B9A,1B9C,1BAA-1BAB,1BAE,1BB3,1BBB,1BC0,1BC5,1BC9,1BCE-1BD0,1BD9,1BDC,1BDF,1BE3,1BEA,1BEF-1BF0,1BF2-1BF3,1BF7,1BFE-1C07,1C09-1C0F,1C11-1C12,1C14-1C17,1C19-1C1B,1C1E,1C21-1C27,1C29-1C2B,1C2D-1C2F,1C31-1C35,1C37-1C3B,1C3D-1C3F,1C42-1C43,1C46-1C47,1C54-1C56,1C58-1C59,1C5B,1C5D-1C5E,1C63-1C66,1C68,1C6E-1C6F,1C77-1C78,1C7B-1C7D,1C80-1C81,1C84-1C86,1C97-1C98,1C9E,1CA0,1CA2,1CA5,1CA9,1CAE,1CB3-1CB6,1CB9-1CBA,1CBC,1CC2,1CC4,1CC9,1CCB,1CD1,1CD3,1CDC,1CDE-1CE0,1CE5,1CE7,1CE9,1CED,1CF3,1CF9-1CFB,1D00,1D02-1D07,1D09,1D0B,1D0D-1D0F,1D11-1D17,1D19-1D1F,1D21-1D24,1D26-1D27,1D29,1D2B-1D30,1D32-1D37,1D39-1D3F,1D41,1D43-1D44,1D47-1D49,1D4B-1D4C,1D4F-1D50,1D53,1D55-1D5C,1D5F-1D61,1D63,1D66-1D6A,1D6C,1D6E,1D70-1D71,1D74,1D78-1D7A,1D7D,1D7F,1D86,1D8A,1D8C-1D8D,1D95,1D97,1D9B,1D9E,1DA6,1DAA,1DAE,1DB0-1DB1,1DB6,1DB9,1DBF,1DC8,1DCA,1DCD-1DCE,1DD8,1DE2,1DE5-1DE6,1DEC,1DF1,1DF6-1DF7,1DF9,1DFD-1DFF,1E01,1E03-1E07,1E09-1E0F,1E11-1E1D,1E1F,1E21-1E23,1E25-1E2F,1E31-1E34,1E36-1E3B,1E3D-1E3F,1E43,1E46,1E48-1E4D,1E54,1E56,1E58,1E5A,1E66,1E6A-1E6E,1E71,1E78-1E79,1E7E,1E81,1E85-1E86,1E89-1E8A,1E8C,1E93,1E95-1E98,1E9A,1E9D,1EA0,1EA7-1EA8,1EAC-1EAD,1EAF,1EB3,1EB8,1EC2-1EC5,1EC7-1EC8,1ECD,1ECF-1ED1,1ED6,1EDC,1EDE,1EE2,1EE4-1EE9,1EEB-1EED,1EF0-1EF2,1EF4-1EF6,1EF8-1EF9,1EFB-1EFC,1EFE,1F01-1F02,1F04-1F05,1F07-1F0F,1F11-1F17,1F19-1F23,1F25-1F27,1F29,1F2B-1F3C,1F3E-1F3F,1F41,1F43-1F44,1F47-1F48,1F4D-1F4F,1F53,1F55-1F57,1F59-1F5B,1F61,1F69,1F6B,1F6D,1F72,1F74,1F77,1F81,1F85,1F8C-1F8D,1F90,1F92-1F98,1F9B,1F9E-1F9F,1FA2,1FA4-1FA6,1FA9,1FAC-1FAE,1FB3,1FB5,1FBB,1FC1-1FC2,1FC6,1FC9,1FCE-1FCF,1FD1,1FD5,1FD7,1FDA,1FDD,1FDF,1FE2-1FE9,1FF1,1FF4,1FF6-1FF7,1FF9,1FFD,1FFF	0	0	34.0
Quest for Quintana Roo	commercial	ColecoVision/Quest for Quintana Roo (1983) (Sunrise)/Quest for Quintana Roo (1983) (Sunrise) [!].col	2d32b1f0	20	0008,0010,0018,0020,1F61,1F6A,1F76,1F79,1F7F,1F82,1F85,1FB8,1FD6,1FD9,1FDC,1FDF,1FE2,1FEE,1FF1,1FF4	0		0	38	36.0
River Raid	commercial	ColecoVision/River Raid (1982-84) (Activision) [!].col	fe897f9c	15	1F61,1F6A,1F7F,1F82,1F85,1FB8,1FBE,1FD9,1FDC,1FDF,1FE2,1FEB,1FEE,1FF1,1FF4	0		0	14	37.7
Robin Hood	commercial	ColecoVision/Robin Hood (1984) (Xonox)/Robin Hood (1984) (Xonox).col	cdb8d3cf	23	0010,0018,0020,0028,0030,1F61,1F6A,1F79,1F7F,1F82,1F85,1FB8,1FBE,1FC1,1FC4,1FD9,1FDC,1FDF,1FE2,1FEE,1FF1,1FF4,1FFD	0		0	21	13.6
Roc 'N Rope	commercial	ColecoVision/Roc 'N Rope (1983-84) (Konami).col	3caca004	14	1F61,1F7C,1F82,1FB8,1FC4,1FD9,1FDC,1FDF,1FEB,1FEE,1FF1,1FF4,1FFA,1FFD	3	006C-006D,024C	0	18	27.0
Rock 'N' Bolt	commercial	ColecoVision/Rock 'N' Bolt (1984) (Telegames)/Rock 'N' Bolt (1984) (Telegames).col	522b59b9	19	0008,0010,0018,0020,0028,0030,0038,1F61,1F85,1FB8,1FBE,1FD6,1FD9,1FDC,1FEB,1FEE,1FF1,1FF4,1FFD	0		0	3	23.4
Rocky Super-Action Boxing	commercial	ColecoVision/Rocky Super-Action Boxing (1983) (Coleco).col	046f4b70	32	0008,0010,0018,0020,0028,0030,0038,01B1,08C0,1F61,1F6A,1F76,1F82,1FB8,1FBB,1FBE,1FC1,1FC4,1FC7,1FCA,1FCD,1FD0,1FD3,1FD9,1FDC,1FDF,1FE2,1FEB,1FEE,1FF1,1FF4,1FFD	2	006C-006D	0	25	39.4
Rolloverture	commercial	ColecoVision/Rolloverture (1983) (Sunrise).col	e4585c0a	15	1F61,1F76,1F79,1F7C,1F82,1F85,1FB8,1FD6,1FD9,1FDC,1FDF,1FE2,1FEE,1FF1,1FF4	0		0	60	35.8
Sammy Lightfoot	commercial	ColecoVision/Sammy Lightfoot (1983) (Sierravision)/Sammy Lightfoot (1983) (Sierravision).col	c5f69a1b	24	0010,0018,0020,0028,0030,1F61,1F7C,1F82,1FB8,1FC7,1FCA,1FCD,1FD0,1FD3,1FD9,1FDC,1FDF,1FE5,1FE8,1FEB,1FEE,1FF1,1FF4,1FFA	0		0	3	86.5
Sector Alpha	commercial	ColecoVision/Sector Alpha (1983) (Spectravideo)/Sector Alpha (1983) (Spectravideo).col	fe5f4602	2	1FD6,1FD9	496	158B-177A	0	0	0.0
Sewer Sam	commercial	ColecoVision/Sewer Sam (1984) (Interphase).col	74057241	21	0008,0010,0018,0020,0028,0030,003B,0213,023B,025E,027F,0300,18D4,18E9,196B,1979,1BAA,1C27,1CCA,1D57,1D5A	0		0	0	69.3
Sir Lancelot	commercial	ColecoVision/Sir Lancelot (1983) (Xonox) [!].col	dd76775d	17	1F61,1F6A,1F76,1F79,1F7C,1F82,1F85,1FB8,1FBB,1FBE,1FD6,1FD9,1FDC,1FDF,1FEE,1FF1,1FF4	0		0	8	15.1
Skiing	commercial	ColecoVision/Skiing (1986) (Telegames).col	b37d48bd	18	0008,0010,0018,0020,0028,0030,0038,1F61,1F79,1F82,1FB8,1FD6,1FD9,1FDF,1FE2,1FEE,1FF1,1FF4	0		0	3	5.8
Slither	commercial	ColecoVision/Slither (1983) (Century II)/Slither (1983) (Century II) [o1].col	5cdb00d3	16	0008,1F61,1F6A,1F6D,1F7C,1F82,1FB8,1FD9,1FDC,1FDF,1FE2,1FEB,1FEE,1FF1,1FF4,1FFD	2	006C-006D	0	39	68.7
Slurpy	commercial	ColecoVision/Slurpy (1984) (Xonox)/Slurpy (1984) (Xonox).col	27f5c0ad	18	0008,0010,0018,0020,0028,0030,1F61,1F82,1FB8,1FD9,1FDC,1FDF,1FE2,1FEB,1FEE,1FF1,1FF4,1FFD	0		0	4	26.1
Smurf - Paint 'n Play Workshop	commercial	ColecoVision/Smurf - Paint 'n Play Workshop (1983).col	97c0382d	20	1F61,1F82,1FB8,1FBE,1FC4,1FC7,1FCA,1FCD,1FD0,1FD3,1FD9,1FDC,1FDF,1FE2,1FEB,1FEE,1FF1,1FF4,1FFA,1FFD	2	006C-006D	2	28	67.0
Smurf - Rescue in Gargamel's Castle	commercial	ColecoVision/Smurf - Rescue in Gargamel's Castle (1982)/Smurf - Rescue in Gargamel's Castle (1982).col	42850379	27	1F61,1F6A,1F79,1F7C,1F7F,1F82,1F85,1F8B,1F9A,1FA0,1FA3,1FA6,1FB2,1FBB,1FBE,1FD0,1FD3,1FD9,1FDC,1FDF,1FEB,1FEE,1FF1,1FF4,1FF7,1FFA,1FFD	5	0069-006D	0	2	46.7
Space Fury	commercial	ColecoVision/Space Fury (1983) (Sega)/Space Fury (1983) (Sega).col	df8de30f	24	1F61,1F6A,1F6D,1F70,1F7C,1FB8,1FBB,1FBE,1FC1,1FC4,1FC7,1FCA,1FCD,1FD0,1FD3,1FD9,1FE5,1FE8,1FEB,1FEE,1FF1,1FF4,1FFA,1FFD	4	006A-006D	0	20	75.2
Space Panic	commercial	ColecoVision/Space Panic (1983) (Universal).col	5bdf2997	22	1F61,1F7C,1F82,1FB8,1FBE,1FC1,1FC4,1FC7,1FCD,1FD0,1FD3,1FD9,1FDF,1FE2,1FE5,1FE8,1FEB,1FEE,1FF1,1FF4,1FFA,1FFD	4	006A-006D	0	32	84.0
Spectron	commercial	ColecoVision/Spectron (1983) (Spectravideo).col	3564e134	0		0		0	0	0.0
Spy Hunter	commercial	ColecoVision/Spy Hunter (1983-84) (Midway)/Spy Hunter (1983-84) (Midway).col	36478923	18	0008,0010,0018,0020,0028,0030,1F61,1F7C,1F7F,1F82,1F85,1FD9,1FDC,1FEB,1FEE,1FF1,1FF4,1FFD	76	006C-006D,1623-162A,1633-1672,1D43,1D47	0	6	25.4
Squish 'Em Sam!	commercial	ColecoVision/Squish 'Em Sam! (1983) (Interphase).col	6c82e0cc	15	196B,1F61,1F76,1F79,1F7F,1F82,1F85,1FBE,1FD6,1FD9,1FDC,1FDF,1FEE,1FF1,1FF4	0		0	0	61.5
Star Trek - Strategic Operations Simulator	commercial	ColecoVision/Star Trek - Strategic Operations Simulator (1984) (Sega)/Star Trek - Strategic Operations Simulator (1984) (Sega).col	aff42aa9	12	1F61,1F76,1F7F,1F82,1FB8,1FC1,1FC4,1FD9,1FEB,1FEE,1FF1,1FF4	2	1D43,1D47	0	10	8.9
Star Wars - The Arcade Game	commercial	ColecoVision/Star Wars - The Arcade Game (1984) (Parker Bros).col	0e75b3bf	18	1F61,1F6A,1F6D,1F70,1F79,1F7F,1F82,1F85,1FB8,1FD6,1FD9,1FDC,1FDF,1FE2,1FEE,1FF1,1FF4,1FFD	0		0	0	44.5
Steamroller	commercial	ColecoVision/Steamroller (1984) (Activision) (Prototype).col	153ac4ef	0		0		0	0	0.0
Strike It!	commercial	ColecoVision/Strike It! (1983) (Telegames)/Strike It! (1983) (Telegames) [!].col	1d9082fb	5	118B,18D4,1CCA,1D01,1D3E	0		0	3	7.7
Subroc	commercial	ColecoVision/Subroc (1983) (Sega)/Subroc (1983) (Sega).col	509267f8	20	0008,0010,0018,0020,0028,0030,1F61,1F7F,1F82,1F85,1FC7,1FD3,1FD9,1FDC,1FE2,1FEB,1FEE,1FF1,1FF4,1FFD	238	006A-006D,1623-1672,16AB-16D2,16DB-16E2,16EB-16F2,1703-172A,1733-175A,176B-1772,179B-17A2,1D43,1D47	0	69	32.2
Super Action Baseball	commercial	ColecoVision/Super Action Baseball (1983) (Coleco)/Super Action Baseball (1983) (Coleco).col	97217677	18	1F61,1F76,1F7F,1F82,1F85,1FB8,1FBE,1FC1,1FC4,1FD9,1FDC,1FDF,1FEB,1FEE,1FF1,1FF4,1FFA,1FFD	0		0	17	76.4
Super Action Controller Test Cartridge	commercial	ColecoVision/Super Action Controller Test Cartridge (1983) (Nuvatec).col	eb6cb4d8	7	1F7F,1F82,1FB8,1FD9,1FDC,1FDF,1FEB	79	00FB-00FD,017C-017E,01FD-01FF,0201-0203,0205-0207,02C2-02C4,02DE-02E0,02FF-0301,03A1-03A3,03A8-03AA,04A8-04AA,04CE-04D0,0527-0529,0599-059B,059F-05A1,069F-06A1,0715-0717,071B-071D,077C-077E,079C-079E,080D-080F,08F1-08F3,091C-091E,0942-0944,0A10-0A12,0A79-0A7B,0B5B	0	12	2.5
Super Action Football	commercial	ColecoVision/Super Action Football (1984) (Coleco)/Super Action Football (1984) (Coleco).col	62619dc0	14	1F61,1F76,1F7F,1F82,1F85,1FBE,1FD9,1FDF,1FE2,1FEB,1FEE,1FF1,1FF4,1FFD	2	006A-006B	0	179	19.3
Super Action Soccer	commercial	ColecoVision/Super Action Soccer (1984) (Coleco).col	acac69dd	9	1F61,1FB8,1FBE,1FD9,1FDC,1FEB,1FEE,1FF1,1FF4	2048	15A3-1DA2	0	17	80.3
Super Cobra	commercial	ColecoVision/Super Cobra (1983) (Parker Bros)/Super Cobra (1983) (Parker Bros).col	6cb5cb8f	15	1F61,1F6D,1F76,1F7F,1F82,1F85,1FBE,1FC1,1FC4,1FD6,1FD9,1FDC,1FDF,1FEE,1FF4	0		0	7	14.0
Super Cross Force	commercial	ColecoVision/Super Cross Force (1983) (Spectravideo)/Super Cross Force (1983) (Spectravideo).col	8093b672	0		496	158B-177A	0	0	0.0
Super DK!	commercial	ColecoVision/Super DK! (1983) (Prototype).col	ef25af90	23	0008,0010,0018,1F61,1F7C,1F82,1FB8,1FBE,1FC1,1FC4,1FC7,1FCD,1FD0,1FD3,1FD9,1FDC,1FDF,1FE5,1FE8,1FEB,1FEE,1FF1,1FF4	0		0	2	75.9
Super DK! Junior	commercial	ColecoVision/Super DK! Junior (1983) (Prototype).col	c2e7f0e0	25	0008,0018,0020,0028,0030,1F61,1F7C,1F82,1FB8,1FC4,1FC7,1FCD,1FD0,1FD3,1FD9,1FDC,1FDF,1FE5,1FE8,1FEB,1FEE,1FF1,1FF4,1FFA,1FFD	0		0	6	80.9
Tank Wars	commercial	ColecoVision/Tank Wars (1983) (Bit Corp) [!].col	7f0baa89	3	18D4,1D01,1FD9	0		0	0	9.4
Tapper	commercial	ColecoVision/Tapper (1984) (Midway)/Tapper (1984) (Midway).col	8afd7db2	16	1F61,1F7C,1F82,1FB8,1FBE,1FC1,1FC4,1FD9,1FDC,1FDF,1FE2,1FEB,1FEE,1FF1,1FF4,1FFA	221	0069-006D,1623-1672,16AB-16B2,16BB-16E2,1703-172A,1733-174A,1753-1762,176B-1772	66	33	35.2
Tarzan	commercial	ColecoVision/Tarzan (1984) (Coleco).col	eff35a70	18	0008,0010,0018,0020,0028,0030,1F61,1F7F,1F82,1F85,1FD9,1FDC,1FE2,1FEB,1FEE,1FF1,1FF4,1FFD	12	006C-006D,1623-162A,1D43,1D47	1	47	8.3
Telly Turtle	commercial	ColecoVision/Telly Turtle (1984) (Carousel).col	c8bc1950	4	1F79,1F82,1FD9,1FDF	4	006A-006D	0	0	50.5
Threshold	commercial	ColecoVision/Threshold (1983) (Sierravision).col	1593f7df	23	0008,0010,0018,0020,1F61,1F7C,1F82,1FB8,1FC7,1FCD,1FD0,1FD3,1FD9,1FDC,1FDF,1FE5,1FE8,1FEB,1FEE,1FF1,1FF4,1FF7,1FFA	0		0	4	54.8
Time Pilot	commercial	ColecoVision/Time Pilot (1983) (Konami).col	b3a1eacb	22	0008,0010,0018,0020,0028,1F61,1F6A,1F6D,1F7C,1F7F,1F82,1F85,1FB8,1FD6,1FD9,1FDC,1FDF,1FEB,1FEE,1FF1,1FF4,1FFD	0		0	5	27.5
Tomarc the Barbarian	commercial	ColecoVision/Tomarc the Barbarian (1984) (Xonox)/Tomarc the Barbarian (1984) (Xonox).col	1e14397e	20	0008,0018,0028,0030,0038,18F7,1968,1F61,1F6A,1F7F,1F82,1F85,1FBE,1FD9,1FDC,1FDF,1FEB,1FEE,1FF1,1FF4	0		0	2	50.4
Tournament Tennis	commercial	ColecoVision/Tournament Tennis (1984) (Imagic) [!].col	c1d5a702	5	1F61,1FDC,1FEB,1FEE,1FF4	0		0	8	45.6
Tunnels & Trolls Demo	commercial	ColecoVision/Tunnels & Trolls Demo (1983) (Adam).col	4defcdfa	17	0008,0018,0020,0028,080B,1F82,1F85,1FB8,1FC4,1FC7,1FCD,1FD0,1FD3,1FD9,1FDC,1FDF,1FEB	0		0	1	66.8
Turbo	commercial	ColecoVision/Turbo (1982) (Sega).col	6ca80b63	16	0010,0018,0028,1F61,1F7F,1F82,1FB8,1FC7,1FD3,1FD9,1FDC,1FDF,1FEB,1FEE,1FF1,1FF4	0		1	6	21.0
Tutankham	commercial	ColecoVision/Tutankham (1983) (Parker Bros)/Tutankham (1983) (Parker Bros) [o1].col	10cc33a3	6	1F76,1F82,1FD6,1FD9,1FDF,1FE2	0		0	4	21.5
Up 'N Down	commercial	ColecoVision/Up 'N Down (1984) (Sega).col	fdd52ca0	15	0008,0010,0018,0020,0038,1F79,1F7F,1F82,1F85,1FB8,1FD6,1FD9,1FDC,1FDF,1FE2	0		0	131	6.5
Vampire	commercial	ColecoVision/Venture (1982) (Exidy)/Vampire (Venture Hack).col	3da70b52	23	1F61,1F7C,1F7F,1F82,1F85,1FBB,1FBE,1FC4,1FC7,1FCD,1FD0,1FD3,1FD9,1FDC,1FE5,1FE8,1FEB,1FEE,1FF1,1FF4,1FF7,1FFA,1FFD	0		0	14	55.6
Venture	commercial	ColecoVision/Venture (1982) (Exidy)/Venture (1982) (Exidy).col	8e5a4aa3	23	1F61,1F7C,1F7F,1F82,1F85,1FBB,1FBE,1FC4,1FC7,1FCD,1FD0,1FD3,1FD9,1FDC,1FE5,1FE8,1FEB,1FEE,1FF1,1FF4,1FF7,1FFA,1FFD	0		0	14	55.6
Victory	commercial	ColecoVision/Victory (1983).col	5f20bf49	19	0008,0010,0018,0020,0028,0030,1F61,1F7C,1F82,1FB8,1FD9,1FDC,1FDF,1FE2,1FEB,1FEE,1FF1,1FF4,1FFD	4	006A-006D	0	7	17.5
Video Hustler	commercial	ColecoVision/Video Hustler (1984) (Konami) (Prototype).col	a9177b20	1	1F7C	0		0	0	1.5
War Games	commercial	ColecoVision/War Games (1983-84).col	6e0150c1	20	1F61,1F6A,1F70,1F82,1FB8,1FBE,1FC7,1FCA,1FCD,1FD0,1FD3,1FD9,1FDC,1FDF,1FE2,1FEB,1FEE,1FF1,1FF4,1FFD	4	006A-006D	0	9	32.3
War Room	commercial	ColecoVision/War Room (1983) (Probe 2000)/War Room (1983) (Probe 2000).col	308a949b	8	1F61,1F76,1F82,1FD6,1FD9,1FDC,1FDF,1FE2	4	006A-006D	0	7	16.8
Wing War	commercial	ColecoVision/Wing War (1983) (Imagic).col	04eeef44	10	1F61,1F82,1F85,1FD9,1FDC,1FDF,1FEB,1FEE,1FF1,1FF4	1	0069	0	7	18.7
Wizard of Id's Wizmath	commercial	ColecoVision/Wizard of Id's Wizmath (1984) (Sierravision).col	b9ba2bb6	14	1F61,1F7F,1F82,1F85,1FB8,1FBE,1FD9,1FDC,1FDF,1FE2,1FEB,1FEE,1FF1,1FF4	0		0	40	8.2
Word Feud	commercial	ColecoVision/Word Feud (1984) (Xonox).col	9f49bed8	17	0008,0018,0028,0030,18F7,1968,1F61,1F7F,1F82,1F85,1FD9,1FDC,1FDF,1FEB,1FEE,1FF1,1FF4	0		0	1	49.8
Yolk's on You, The	commercial	ColecoVision/Yolk's on You, The (1983) (20th Century Fox) (Prototype).col	997ad8de	14	1987,1F61,1F7F,1F82,1F85,1FB8,1FBE,1FD9,1FDC,1FDF,1FEB,1FEE,1FF4,1FFD	0		0	6	41.5
Zaxxon	commercial	ColecoVision/Zaxxon (1982) (Sega)/Zaxxon (1982) (Sega).col	8cb0891a	13	0008,1F61,1F7C,1FA9,1FC7,1FD9,1FDC,1FE2,1FEB,1FEE,1FF1,1FF4,1FFD	182	006A-006D,1623-163A,164B-1652,16AB-16BA,16C3-16EA,1703-172A,1733-175A,176B-1772,1D43,1D47	0	10	20.3
Zenji	commercial	ColecoVision/Zenji (1984) (Activision).col	6e523e50	5	1F61,1FD6,1FEE,1FF1,1FF4	0		0	0	3.1
Adventurium3 Demo	pd	ColecoVision/Public Domain/Adventurium3 Demo (2000) (PD).col	6cd063aa	7	1F76,1F82,1F85,1FD6,1FD9,1FDC,1FDF	0		0	5	2.1
Air Battle V0.4 by Daniel Bienvenu	pd	ColecoVision/Public Domain/Air Battle V0.4 by Daniel Bienvenu (July 10) (2000) (PD).col	7c66aba6	7	1F76,1F82,1F85,1FD6,1FD9,1FDC,1FDF	2	1D43,1D47	0	5	2.2
Amazing Snake Beta 4 by Serge-Eric Tremblay	pd	ColecoVision/Public Domain/Amazing Snake Beta 4 by Serge-Eric Tremblay (2001) (PD).col	af01e7dd	9	1F76,1F82,1F85,1FD6,1FD9,1FDC,1FDF,1FE2,1FFD	796	006A-006B,158B-18A2,1D43,1D47	0	8	2.7
Amazing Snake Beta 5 by Serge-Eric Tremblay	pd	ColecoVision/Public Domain/Amazing Snake Beta 5 by Serge-Eric Tremblay (2001) (PD).col	5ba1a6c8	9	1F76,1F82,1F85,1FD6,1FD9,1FDC,1FDF,1FE2,1FFD	796	006A-006B,158B-18A2,1D43,1D47	0	8	2.7
Amazing Snake Beta X by Serge-Eric Tremblay	pd	ColecoVision/Public Domain/Amazing Snake Beta X by Serge-Eric Tremblay (2001) (PD).col	7da41b23	9	1F76,1F82,1F85,1FD6,1FD9,1FDC,1FDF,1FE2,1FFD	796	006A-006B,158B-18A2,1D43,1D47	0	8	2.6
BUsTin-Out Demo 0.5 by Daniel Bienvenu	pd	ColecoVision/Public Domain/BUsTin-Out Demo 0.5 by Daniel Bienvenu (2000) (PD).col	c74766d8	8	1F76,1F82,1F85,1FD6,1FD9,1FDC,1FDF,1FE2	796	006A-006B,158B-18A2,1D43,1D47	0	6	2.6
BUsTin-Out Volume 0 by Daniel Bienvenu	pd	ColecoVision/Public Domain/BUsTin-Out Volume 0 by Daniel Bienvenu (2000) (PD).col	edca3a1f	8	1F76,1F82,1F85,1FD6,1FD9,1FDC,1FDF,1FE2	796	006A-006B,158B-18A2,1D43,1D47	0	6	3.3
BUsTin-Out Volume 1 by Daniel Bienvenu	pd	ColecoVision/Public Domain/BUsTin-Out Volume 1 by Daniel Bienvenu (2000) (PD).col	97b601a2	8	1F76,1F82,1F85,1FD6,1FD9,1FDC,1FDF,1FE2	796	006A-006B,158B-18A2,1D43,1D47	0	6	3.4
BUsTin-Out Volume 2 by Daniel Bienvenu	pd	ColecoVision/Public Domain/BUsTin-Out Volume 2 by Daniel Bienvenu (2000) (PD).col	e12ccc1e	8	1F76,1F82,1F85,1FD6,1FD9,1FDC,1FDF,1FE2	796	006A-006B,158B-18A2,1D43,1D47	0	6	3.4
BUsTin-Out Volume 3 by Daniel Bienvenu	pd	ColecoVision/Public Domain/BUsTin-Out Volume 3 by Daniel Bienvenu (2000) (PD).col	c3a925af	8	1F76,1F82,1F85,1FD6,1FD9,1FDC,1FDF,1FE2	796	006A-006B,158B-18A2,1D43,1D47	0	6	3.4
Bejeweled Demo by Daniel Bienvenu	pd	ColecoVision/Public Domain/Bejeweled Demo by Daniel Bienvenu (2001) (PD).col	1ba0688f	9	1F76,1F82,1F85,1FD6,1FD9,1FDC,1FDF,1FE2,1FFD	2	1D43,1D47	0	7	3.2
Breakout Paddle Demo by Daniel Bienvenu	pd	ColecoVision/Public Domain/Breakout Paddle Demo by Daniel Bienvenu (Feb 12) (2001) (PD).col	8fd90a28	8	1F76,1F82,1F85,1FD6,1FD9,1FDC,1FDF,1FE2	796	006A-006B,158B-18A2,1D43,1D47	0	6	2.5
Breakout by Daniel Bienvenu	pd	ColecoVision/Public Domain/Breakout by Daniel Bienvenu (Feb 02) (1999) (PD).col	b05fb3ec	8	1F76,1F82,1F85,1FD6,1FD9,1FDC,1FDF,1FE2	796	006A-006B,158B-18A2,1D43,1D47	0	6	2.7
Chateau du Dragon, Le by Daniel Bienvenu	pd	ColecoVision/Public Domain/Chateau du Dragon, Le by Daniel Bienvenu (2001) (PD).col	43478adf	8	1F76,1F82,1F85,1FD6,1FD9,1FDC,1FDF,1FE2	796	006A-006B,158B-18A2,1D43,1D47	0	5	7.3
Christmas Demo by Daniel Bienvenu	pd	ColecoVision/Public Domain/Christmas Demo by Daniel Bienvenu (Dec 25) (2001) (PD).col	a23a566c	7	1F76,1F82,1F85,1FD6,1FD9,1FDC,1FFD	2	1D43,1D47	0	7	1.4
ColecoVision Noise Generator by Marcel de Kogel	pd	ColecoVision/Public Domain/ColecoVision Noise Generator by Marcel de Kogel (1996) (PD).col	95051633	8	0010,0018,1F76,1F82,1FD6,1FD9,1FDC,1FDF	770	159B-189A,1D43,1D47	0	4	1.2
Cosmo Challenge by Marcel de Kogel	pd	ColecoVision/Public Domain/Cosmo Challenge by Marcel de Kogel (1997) (PD).col	43933306	9	1F76,1F82,1F85,1FD6,1FD9,1FDC,1FDF,1FE2,1FFD	796	006A-006B,158B-18A2,1D43,1D47	0	7	2.7
Cosmo Challenge-Trainer Menu by Marcel de Kogel	pd	ColecoVision/Public Domain/Cosmo Challenge-Trainer Menu by Marcel de Kogel (1997) (PD).col	55ee8840	6	1F76,1F82,1F85,1FD6,1FD9,1FDC	2	1D43,1D47	0	5	2.6
Cosmo Fighter 2 by Marcel de Kogel	pd	ColecoVision/Public Domain/Cosmo Fighter 2 by Marcel de Kogel (1996-97) (PD).col	d93a7dc2	12	0008,0010,0018,0020,0028,1F76,1F82,1FD6,1FD9,1FDC,1FDF,1FE2	288	1623-1672,16AB-177A	0	8	30.3
Cosmo Fighter 3 Demo by Marcel de Kogel	pd	ColecoVision/Public Domain/Cosmo Fighter 3 Demo by Marcel de Kogel (2001) (PD).col	901c8512	8	1F76,1F82,1F85,1FD6,1FD9,1FDC,1FDF,1FFD	4	1D43-1D44,1D47-1D48	0	7	2.7
Cosmo Trainer by Marcel de Kogel	pd	ColecoVision/Public Domain/Cosmo Trainer by Marcel de Kogel (1997) (PD).col	7ba2f186	7	1F76,1F82,1F85,1FD6,1FD9,1FDC,1FDF	796	006A-006B,158B-18A2,1D43,1D47	0	5	6.1
Dacman	pd	ColecoVision/Public Domain/Dacman (Aug 01) by Daniel Bienvenu (2000) (PD).col	5e4b3e68	9	1F76,1F82,1F85,1FD6,1FD9,1FDC,1FDF,1FE2,1FFD	796	006A-006B,158B-18A2,1D43,1D47	0	10	3.7
Demon2 Demo by Yannick Proulx	pd	ColecoVision/Public Domain/Demon2 Demo by Yannick Proulx (2001) (PD).col	b3b3f3fe	0		0		0	0	0.0
Happy Halloween by Daniel Bienvenu	pd	ColecoVision/Public Domain/Happy Halloween by Daniel Bienvenu (2001) (PD).col	527ae3ac	9	1F76,1F82,1F85,1FD6,1FD9,1FDC,1FDF,1FE2,1FFD	2	1D43,1D47	0	8	2.6
Kevtris by Kevin Horton	pd	ColecoVision/Public Domain/Kevtris by Kevin Horton (1996) (PD).col	819a06e5	6	0008,0010,0018,0020,0030,0038	360	14C3-15A2,1613-161A,162B-1632,1653-165A,166B-167A,16C3-16D2,16E3-16F2,16FB-1702,1713-172A,1733-174A,1753-175A	0	0	0.6
Kill Barney in Tokyo by Daniel Bienvenu	pd	ColecoVision/Public Domain/Kill Barney in Tokyo by Daniel Bienvenu (1997) (PD).col	d905c94b	3	1F82,1FD6,1FD9	0		0	0	15.5
Killer Instinct by Daniel Bienvenu	pd	ColecoVision/Public Domain/Killer Instinct by Daniel Bienvenu (1997) (PD).col	58f10c63	3	1F82,1FD6,1FD9	0		0	0	15.0
Music Vol 1 by Daniel Bienvenu	pd	ColecoVision/Public Domain/Music Vol 1 by Daniel Bienvenu (2000) (PD).col	0f3d9216	8	1F76,1F82,1F85,1FD6,1FD9,1FDC,1FDF,1FE2	796	006A-006B,158B-18A2,1D43,1D47	0	5	2.4
Nim by Daniel Bienvenu	pd	ColecoVision/Public Domain/Nim by Daniel Bienvenu (Nov 03) (2000) (PD).col	9c059a51	9	1F76,1F82,1F85,1FD6,1FD9,1FDC,1FDF,1FE2,1FFD	796	006A-006B,158B-18A2,1D43,1D47	0	7	2.4
Pere Noel by Daniel Bienvenu	pd	ColecoVision/Public Domain/Pere Noel by Daniel Bienvenu (2000) (PD).col	3f84cc6c	7	1F76,1F82,1F85,1FD6,1FD9,1FDC,1FDF	0		0	5	2.1
Puckman Sounds V001	pd	ColecoVision/Public Domain/Puckman Sounds V001 (2003) (PD).col	cfd41a7a	6	0008,0010,0018,0020,0028,0030	0		0	0	0.2
Puckman Sounds V002	pd	ColecoVision/Public Domain/Puckman Sounds V002 (2003) (PD).col	913bb176	6	0008,0010,0018,0020,0028,0030	0		0	0	0.2
Puckman Sounds V003	pd	ColecoVision/Public Domain/Puckman Sounds V003 (2003) (PD).col	a7b81956	6	0008,0010,0018,0020,0028,0030	0		0	0	0.2
Purple Dinosaur Massacre by John Dondzila	pd	ColecoVision/Public Domain/Purple Dinosaur Massacre by John Dondzila (1996) (PD).col	137d6c4c	3	1F82,1FD6,1FD9	0		0	0	15.5
Reversi Demo by Daniel Bienvenu	pd	ColecoVision/Public Domain/Reversi Demo by Daniel Bienvenu (2001) (PD).col	bbef9e8f	8	1F76,1F82,1F85,1FD6,1FD9,1FDC,1FDF,1FE2	2	1D43,1D47	0	9	2.5
Sound FX Vol 1 by Daniel Bienvenu	pd	ColecoVision/Public Domain/Sound FX Vol 1 by Daniel Bienvenu (2000) (PD).col	0b619934	8	1F76,1F82,1F85,1FD6,1FD9,1FDC,1FDF,1FE2	796	006A-006B,158B-18A2,1D43,1D47	0	5	2.4
Sound FX Vol 2 by Daniel Bienvenu	pd	ColecoVision/Public Domain/Sound FX Vol 2 by Daniel Bienvenu (2000) (PD).col	040e3a9c	8	1F76,1F82,1F85,1FD6,1FD9,1FDC,1FDF,1FE2	796	006A-006B,158B-18A2,1D43,1D47	0	5	2.4
Space Invaders Collection Pack Demo	pd	ColecoVision/Public Domain/Space Invaders Collection Pack Demo (2002) (PD).col	5191bba9	1	023B	0		0	0	0.0
Space Invasion Demo by John Dondzila	pd	ColecoVision/Public Domain/Space Invasion Demo by John Dondzila (Feb 06) (1998) (PD).col	1328d5c4	3	1F82,1FD6,1FD9	0		0	0	15.2
Space Invasion by John Dondzila	pd	ColecoVision/Public Domain/Space Invasion by John Dondzila (1998) (PD).col	af9b178c	3	1F82,1FD6,1FD9	0		0	0	9.1
Spectank Demo by Daniel Bienvenu	pd	ColecoVision/Public Domain/Spectank Demo by Daniel Bienvenu (2000) (PD).col	d5b4c25f	9	1F76,1F82,1F85,1FD6,1FD9,1FDC,1FDF,1FE2,1FFD	2	1D43,1D47	0	8	3.4
St-Valentine's Day	pd	ColecoVision/Public Domain/St-Valentine's Day (2002) (PD).col	83ec4f49	8	1F76,1F82,1F85,1FD6,1FD9,1FDC,1FDF,1FE2	2	1D43,1D47	0	7	2.8
Star Fortress by John Dondzila	pd	ColecoVision/Public Domain/Star Fortress by John Dondzila (1997) (PD).col	f7f18e6f	3	1F82,1FD6,1FD9	0		0	0	7.5
Stubby Demo by Yannick Proulx	pd	ColecoVision/Public Domain/Stubby Demo by Yannick Proulx (2001) (PD).col	26c348df	0		0		0	0	0.0
Superpong Demo	pd	ColecoVision/Public Domain/Superpong Demo (2000) (PD).col	038d4e15	7	1F76,1F82,1F85,1FD6,1FD9,1FDC,1FDF	796	006A-006B,158B-18A2,1D43,1D47	0	5	5.0
Tenchi Muyo Demo by Daniel Bienvenu	pd	ColecoVision/Public Domain/Tenchi Muyo Demo by Daniel Bienvenu (2000) (PD).col	2f2df2ac	6	1F76,1F82,1F85,1FD6,1FD9,1FDC	2	1D43,1D47	0	5	1.1
Tic Tac Toe by Norman Nithman	pd	ColecoVision/Public Domain/Tic Tac Toe by Norman Nithman (1996) (PD).col	9f22cd12	5	1F82,1FB8,1FBE,1FD6,1FD9	0		0	2	0.3
Winky Trap by John Dondzila	pd	ColecoVision/Public Domain/Winky Trap by John Dondzila (1997) (PD).col	eaa5f606	26	0010,0018,0028,0030,1F61,1F7C,1F82,1FB8,1FBB,1FBE,1FC1,1FC4,1FC7,1FCD,1FD0,1FD3,1FD9,1FDC,1FDF,1FE5,1FE8,1FEB,1FEE,1FF1,1FF4,1FFA	0		0	9	62.7
