rank	entry	titles_commercial	titles_pd	calls	sample_callers	sample_titles
1	1FD9	135	41	97247	800C,8012,8015,8018,8027,802B	2010 - The Graphic Action Game; Adam's Musicbox Demo; Alphabet Zoo
2	1F82	113	41	597718	800F,8012,8015,8018,801B,8028	2010 - The Graphic Action Game; Adam's Musicbox Demo; Alphabet Zoo
3	1FDC	107	34	7225668	8022,802D,8032,8033,8038,8044	2010 - The Graphic Action Game; Adam's Musicbox Demo; Alphabet Zoo
4	1FDF	104	31	427262	800F,8015,8018,801E,8024,8034	2010 - The Graphic Action Game; Alphabet Zoo; Amazing Bumpman
5	1F61	112	1	129910	8033,8039,803B,8044,8046,805B	2010 - The Graphic Action Game; Adam's Musicbox Demo; Alphabet Zoo
6	1FEE	108	1	278	8024,803C,803D,803F,8047,8054	2010 - The Graphic Action Game; Adam's Musicbox Demo; Alphabet Zoo
7	1FF4	105	1	122642	8030,8036,8038,8041,8043,8044	2010 - The Graphic Action Game; Adam's Musicbox Demo; Alphabet Zoo
8	1FF1	100	1	6239	800C,800F,8012,8015,8018,801B	2010 - The Graphic Action Game; Adam's Musicbox Demo; Alphabet Zoo
9	1F85	64	31	120	8024,8027,802D,802E,8038,803E	Amazing Bumpman; BC's Quest for Tires; BC's Quest for Tires II - Grog's Revenge
10	1FEB	90	1	479757	8042,8067,807C,807F,808A,808B	2010 - The Graphic Action Game; Adam's Musicbox Demo; Alphabet Zoo
11	1FD6	49	40	351	800C,8027,8029,8030,8031,8035	Amazing Bumpman; Artillery Duel; Beamrider
12	1FE2	62	23	124673	8054,8088,809A,80A6,8132,8136	Alphabet Zoo; Amazing Bumpman; Artillery Duel
13	1FB8	83	2	9247	8034,803C,803F,8040,8047,804E	2010 - The Graphic Action Game; Adam's Musicbox Demo; Alphabet Zoo
14	1FFD	59	11	1288528	8012,8015,801B,804C,80B5,80CE	2010 - The Graphic Action Game; Alphabet Zoo; Artillery Duel
15	1FBE	61	2	31819	800C,800F,805B,8076,807C,80D9	Adam's Musicbox Demo; BC's Quest for Tires II - Grog's Revenge; Beamrider
16	0018	55	7	176974	8054,8069,8075,8089,808A,80B9	Adam's Musicbox Demo; Aquattack; Choplifter
17	1F76	26	33	539861	802F,8058,80B5,80C8,80E2,811D	Amazing Bumpman; Beamrider; Campaign '84
18	0008	54	5	157091	803D,8040,8053,8057,8065,8069	Alphabet Zoo; Amazing Bumpman; Artillery Duel
19	1F7F	58	0	101	8047,8051,8054,8060,8064,806A	Adam's Musicbox Demo; BC's Quest for Tires; BC's Quest for Tires II - Grog's Revenge
20	0010	48	7	292153	8046,804F,806D,80A0,80B6,80C4	Adam's Musicbox Demo; Alphabet Zoo; Aquattack
21	0028	45	5	506864	8056,8064,8066,8068,807A,809A	Adam's Musicbox Demo; Alcazar - The Forgotten Fortress; Alphabet Zoo
22	0020	45	5	306790	802D,8031,8059,80BD,80C0,8104	Adam's Musicbox Demo; Alcazar - The Forgotten Fortress; Aquattack
23	1F7C	47	1	48	8041,8045,8048,8051,8058,805A	2010 - The Graphic Action Game; BC's Quest for Tires; Buck Rogers - Planet of Zoom
24	0030	37	5	127247	8048,8079,8082,80EE,80F8,8148	Alcazar - The Forgotten Fortress; Aquattack; Donkey Kong Jr
25	1FC4	35	1	28653	806A,8087,8098,80AF,80B3,80B9	Beamrider; Buck Rogers - Planet of Zoom; Bump 'N' Jump
26	1FC7	32	1	55	804E,805D,8065,806F,8075,808A	Adam's Musicbox Demo; Beamrider; Buck Rogers - Planet of Zoom
27	1F79	32	0	1206845	804E,8053,8055,8058,807D,80B1	Amazing Bumpman; Brain Strainers; Campaign '84
28	1FD3	31	1	28054	809C,809E,80B1,80BF,80C4,80C5	Beamrider; Buck Rogers - Planet of Zoom; Burgertime
29	1FD0	27	1	2537041	800F,80E0,8108,812E,813E,815F	Buck Rogers - Planet of Zoom; Cabbage Patch Kids Picture Show; Carnival
30	1FCD	26	1	2277	8085,80AE,80B4,80B5,80B9,80BC	Buck Rogers - Planet of Zoom; Cabbage Patch Kids Picture Show; Carnival
31	1FFA	23	1	23003	800C,800F,8012,80C7,8224,82E4	Buck Rogers - Planet of Zoom; Bump 'N' Jump; Burgertime
32	1F6A	24	0	1330	807F,81CB,836B,836E,837E,84D2	Amazing Bumpman; BC's Quest for Tires II - Grog's Revenge; Cabbage Patch Kids Picture Show
33	0038	19	1	52588	80A0,80E9,8141,817D,81E6,81F1	Alphabet Zoo; Aquattack; ELDCDBPAPP
34	1FC1	19	1	25	8052,8065,8075,808A,8099,80A4	Beamrider; Buck Rogers - Planet of Zoom; Burgertime
35	1FE5	18	1	33	806D,80A3,80C6,80CC,80F1,80FD	Adam's Musicbox Demo; Beamrider; Bump 'N' Jump
36	1FBB	16	1	29731	800F,807C,814B,81CB,85FB,8D24	Chuck Norris - Super Kicks; Escape From The Mind Master; Frenzy!
37	1FE8	15	1	13854	80AB,80B3,80FE,8341,83A2,8468	Bump 'N' Jump; Burgertime; Carnival
38	1FF7	11	0	91	8132,8308,8365,8933,8949,8B11	Bump 'N' Jump; Burgertime; Donkey Kong
39	1FCA	9	0	1682	816D,819D,81E7,855B,863C,8A61	Buck Rogers - Planet of Zoom; Cabbage Patch Kids Picture Show; Carnival
40	1F6D	9	0	85	8281,8397,83A5,8C4D,8C5B,8CFB	Amazing Bumpman; Montezuma's Revenge; Pitfall!
41	080B	7	0	2050	8067,8972,89A3,A46F,BE57,BE65	Aquattack; Blockade Runner; Cabbage Patch Kids - Adventures in the Park
42	18D4	6	0	5662	8044,8063,80BB,80C5,82DA,8721	Aquattack; Blockade Runner; Meteoric Shower
43	1D01	5	0	53194	81B9,81CE,8730,873C,8C4F,8C5D	Blockade Runner; Cosmic Crisis; Meteoric Shower
44	1F70	5	0	178	8369,85DE,8B41,A828,AB0A,AB5F	Chuck Norris - Super Kicks; Juke Box; Space Fury
45	023B	4	1	7	8024,803A,8085,808B,82D0,A24D	Blockade Runner; Cabbage Patch Kids - Adventures in the Park; Frantic Freddy
46	1D3E	4	0	10604	81A9,8653,9357,9ACE,A534	Blockade Runner; Cosmic Crisis; Meteoric Shower
47	1CCA	4	0	1680	8037,80B1,8128,812A,815F,A4ED	Aquattack; Blockade Runner; Sewer Sam
48	196B	4	0	585	8142,8163,8194,81B4,9D32	Aquattack; Dr. Seuss's Fix-Up The Mix-Up Puzzler; Sewer Sam
49	027F	3	0	1764	805C,8B9A,A609	Aquattack; Blockade Runner; Sewer Sam
50	0300	3	0	1764	805F,8B9D,A60C	Aquattack; Blockade Runner; Sewer Sam
51	003B	3	0	852	8144,86B5,A613,A77B,BDF3	Aquattack; Pitstop; Sewer Sam
52	025E	3	0	400	800C,8015,9457,945F	Aquattack; Blockade Runner; Sewer Sam
53	08C0	3	0	115	81F8,8FB6,A6EA,A768	Linking Logic; Logic Levels; Rocky Super-Action Boxing
54	0213	3	0	6	8096,A775,B233	Aquattack; Blockade Runner; Sewer Sam
55	18E9	3	0	3	8047,8066,A25B	Aquattack; Blockade Runner; Sewer Sam
56	18F7	3	0	3	80BB,8198,832F	Its Only Rock 'N' Roll; Tomarc the Barbarian; Word Feud
57	1D57	2	0	32540	8BA0,A578	Aquattack; Sewer Sam
58	1FA3	2	0	5692	8266,853B,A0B0	Donkey Kong for Adam; Smurf - Rescue in Gargamel's Castle
59	1C27	2	0	1778	8018,A4B9	Blockade Runner; Sewer Sam
60	1F8B	2	0	10	8463,846A,858C,8593	Donkey Kong for Adam; Smurf - Rescue in Gargamel's Castle
61	1FA0	2	0	10	8144,85DC,CF65,CF6F	Donkey Kong for Adam; Smurf - Rescue in Gargamel's Castle
62	1FA6	2	0	8	8455,845C,857E,8585	Donkey Kong for Adam; Smurf - Rescue in Gargamel's Castle
63	1D5A	2	0	4	967B,B393,B3AE	Blockade Runner; Sewer Sam
64	1F9A	2	0	3	8134,852F,85CC	Donkey Kong for Adam; Smurf - Rescue in Gargamel's Castle
65	1968	2	0	2	818D,8324	Tomarc the Barbarian; Word Feud
66	1FB2	2	0	2	8408,8577	Donkey Kong for Adam; Smurf - Rescue in Gargamel's Castle
67	1C4F	1	0	6292	800F	Aquattack
68	114A	1	0	1691	A418	Blockade Runner
69	1F67	1	0	942	A454,D035	Donkey Kong for Adam
70	118B	1	0	809	98C6	Strike It!
71	1C82	1	0	509	A4CA	Blockade Runner
72	1FA9	1	0	500	C3D5	Zaxxon
73	1BAA	1	0	305	A9C9	Sewer Sam
74	07E8	1	0	132	81DC,81F3	Linking Logic
75	01B1	1	0	36	8FDD	Rocky Super-Action Boxing
76	1FB5	1	0	5	8217,821C	Donkey Kong for Adam
77	1105	1	0	2	8088,A250	Blockade Runner
78	1B1D	1	0	2	8077,807F	Blockade Runner
79	1F64	1	0	2	B47F,CF2A	Donkey Kong for Adam
80	1979	1	0	1	828E	Sewer Sam
81	1987	1	0	1	81FA	Yolk's on You, The
82	1D60	1	0	1	95E6	Blockade Runner
83	1D66	1	0	1	966D	Blockade Runner
84	1F73	1	0	1	8127	Montezuma's Revenge
85	1F91	1	0	1	8437	Donkey Kong for Adam
86	1F94	1	0	1	844D	Donkey Kong for Adam
87	1FAF	1	0	1	8446	Donkey Kong for Adam
