address	titles_boot	titles_live	handover_values
7000	0	5	
7001	0	1	
7002	1	14	00
7003	1	12	00
7004	0	11	
7005	1	17	00
7006	0	16	
7007	0	10	
7008	0	12	
7009	0	11	
700A	0	9	
700B	0	16	
700C	0	10	
700D	0	7	
700E	0	2	
700F	0	3	
7010	0	3	
7011	0	5	
7012	0	5	
7013	0	2	
7014	1	4	00
7015	0	6	
7016	0	6	
7017	0	2	
7018	0	6	
7019	1	6	00
701A	0	1	
701B	0	2	
701C	0	2	
701D	0	1	
701E	0	5	
701F	0	2	
7020	0	1	
7022	0	2	
7023	0	2	
7024	0	2	
7025	0	2	
7026	0	2	
7027	0	2	
7028	0	2	
7029	0	2	
702A	0	1	
702B	0	4	
702C	0	2	
702D	0	15	
702E	0	19	
702F	0	8	
7030	1	13	00
7031	0	25	
7032	0	15	
7033	0	11	
7034	0	6	
7035	1	6	00
7036	0	19	
7037	0	9	
7038	0	7	
7039	0	3	
703A	0	4	
703B	0	6	
703C	0	3	
703D	0	2	
703E	1	4	00
703F	0	2	
7040	0	2	
7041	0	2	
7042	0	3	
7043	1	4	00
7044	0	3	
7045	0	2	
7046	0	3	
7047	0	6	
7048	0	5	
7049	0	5	
704A	0	6	
704B	0	7	
704C	0	4	
704D	0	8	
704E	0	4	
704F	0	7	
7050	0	7	
7051	0	6	
7052	0	3	
7053	0	10	
7054	0	6	
7055	0	7	
7056	0	5	
7057	0	10	
7058	0	3	
7059	0	5	
705A	0	4	
705B	0	5	
705C	0	2	
705D	0	4	
705E	0	2	
705F	0	5	
7060	0	4	
7061	0	4	
7062	0	3	
7063	0	3	
7064	0	2	
7065	0	3	
7066	0	2	
7067	0	2	
7068	0	2	
7069	0	2	
706A	0	2	
706B	0	3	
706C	0	2	
706D	0	2	
706E	0	2	
706F	0	2	
7070	0	2	
7071	0	2	
7072	0	2	
7073	0	2	
7074	0	3	
7075	0	3	
7076	0	4	
7077	0	3	
7078	0	3	
7079	0	3	
707A	0	3	
707B	0	1	
707C	0	1	
707D	0	1	
707E	0	1	
707F	0	1	
7080	0	1	
7081	0	2	
7083	0	1	
7084	0	1	
7088	0	3	
7089	0	2	
708A	0	1	
708B	0	2	
708C	0	3	
708D	0	1	
708E	0	1	
708F	0	1	
7091	0	2	
7092	0	1	
7093	0	1	
7094	0	1	
7095	0	1	
7096	0	1	
709B	0	2	
709C	0	1	
709D	0	1	
709E	0	1	
709F	0	1	
70A0	0	1	
70A1	0	1	
70A2	0	3	
70A3	0	1	
70A4	0	1	
70A5	0	2	
70A6	0	2	
70A7	0	2	
70A8	0	4	
70A9	0	3	
70AA	0	3	
70AB	0	3	
70AC	0	3	
70AD	0	3	
70AE	0	3	
70AF	0	3	
70B0	0	2	
70B1	0	3	
70B2	0	5	
70B3	0	3	
70B4	0	5	
70B5	0	5	
70B6	0	4	
70B7	0	5	
70B8	0	5	
70B9	0	6	
70BA	0	5	
70BB	0	6	
70BC	0	5	
70BD	0	5	
70BE	0	6	
70BF	0	6	
70C0	0	7	
70C1	0	6	
70C2	0	6	
70C3	0	7	
70C4	0	7	
70C5	0	6	
70C6	0	4	
70C7	0	3	
70C8	0	3	
70C9	1	6	00
70CA	1	5	00
70CB	1	5	00
70CC	1	6	00
70CD	1	7	00
70CE	1	6	00
70CF	1	6	00
70D0	1	5	00
70D1	1	6	00
70D2	1	6	00
70D3	0	5	
70D4	0	3	
70D5	0	4	
70D6	0	4	
70D7	0	3	
70D8	0	4	
70D9	0	4	
70DA	0	3	
70DB	0	3	
70DC	0	3	
70DD	0	3	
70DE	0	3	
70DF	0	2	
70E0	0	2	
70E1	0	4	
70E2	0	3	
70E3	0	2	
70E4	0	2	
70E5	0	2	
70E6	0	3	
70E7	0	1	
70E8	0	1	
70E9	0	1	
70EA	0	1	
70EB	0	2	
70EC	0	1	
70ED	0	1	
70EE	0	1	
70EF	0	1	
70F0	0	1	
70F1	0	3	
70F2	0	1	
70F3	0	1	
70F4	0	1	
70F5	0	3	
70F6	0	1	
70F7	0	1	
70F8	0	1	
70F9	0	1	
70FA	0	2	
70FB	0	2	
70FC	0	2	
70FD	0	2	
70FE	0	2	
70FF	0	3	
7100	0	3	
7101	0	2	
7102	0	2	
7103	0	2	
7104	0	2	
7105	0	2	
7106	0	2	
7107	0	2	
7108	0	2	
7109	0	5	
710A	0	3	
710B	0	3	
710C	0	4	
710D	0	4	
710E	0	3	
710F	0	4	
7110	0	4	
7111	0	2	
7112	0	3	
7113	0	5	
7114	0	5	
7115	0	6	
7116	0	5	
7117	0	6	
7118	0	6	
7119	0	5	
711A	0	5	
711B	0	5	
711C	0	5	
711D	0	4	
711E	0	5	
711F	0	4	
7120	0	4	
7121	0	5	
7122	0	4	
7123	0	4	
7124	0	4	
7125	0	4	
7126	0	4	
7127	0	5	
7128	0	5	
7129	0	5	
712A	0	4	
712B	0	4	
712C	0	3	
712D	0	3	
712E	0	3	
712F	0	3	
7130	0	3	
7131	0	3	
7132	0	4	
7133	0	5	
7134	0	4	
7135	0	3	
7136	0	3	
7137	0	3	
7138	0	4	
7139	0	3	
713A	0	4	
713B	0	4	
713C	0	4	
713D	0	4	
713E	0	6	
713F	0	4	
7140	0	5	
7141	0	6	
7142	0	5	
7143	0	5	
7144	0	5	
7145	0	4	
7146	0	5	
7147	0	5	
7148	0	3	
7149	0	3	
714A	0	3	
714B	0	2	
714C	0	3	
714D	0	3	
714E	0	3	
714F	0	3	
7150	0	4	
7151	0	4	
7152	0	5	
7153	0	6	
7154	0	4	
7155	0	5	
7156	0	4	
7157	0	4	
7158	0	5	
7159	0	5	
715A	0	5	
715B	0	5	
715C	0	5	
715D	0	5	
715E	0	6	
715F	0	6	
7160	0	6	
7161	0	6	
7162	0	6	
7163	0	6	
7164	0	7	
7165	0	7	
7166	0	6	
7167	0	7	
7168	0	6	
7169	0	5	
716A	0	6	
716B	0	6	
716C	0	8	
716D	0	7	
716E	0	6	
716F	0	6	
7170	0	7	
7171	0	6	
7172	0	7	
7173	0	7	
7174	0	7	
7175	0	8	
7176	0	7	
7177	0	6	
7178	0	5	
7179	0	6	
717A	0	5	
717B	0	7	
717C	0	6	
717D	0	7	
717E	0	6	
717F	0	6	
7180	0	5	
7181	0	6	
7182	0	6	
7183	0	6	
7184	0	6	
7185	0	6	
7186	0	5	
7187	0	6	
7188	0	6	
7189	0	5	
718A	0	5	
718B	0	4	
718C	0	4	
718D	0	5	
718E	0	5	
718F	0	6	
7190	0	5	
7191	0	5	
7192	0	3	
7193	0	3	
7194	0	4	
7195	0	3	
7196	0	3	
7197	0	4	
7198	0	5	
7199	0	5	
719A	0	4	
719B	0	3	
719C	0	4	
719D	0	4	
719E	0	3	
719F	0	4	
71A0	0	5	
71A1	0	4	
71A2	0	3	
71A3	0	4	
71A4	0	4	
71A5	0	4	
71A6	0	4	
71A7	0	5	
71A8	0	3	
71A9	0	7	
71AA	0	6	
71AB	0	5	
71AC	0	5	
71AD	0	4	
71AE	0	4	
71AF	0	7	
71B0	0	5	
71B1	0	5	
71B2	0	4	
71B3	0	3	
71B4	0	3	
71B5	0	3	
71B6	0	4	
71B7	0	5	
71B8	0	5	
71B9	0	5	
71BA	0	5	
71BB	0	5	
71BC	0	5	
71BD	0	5	
71BE	0	5	
71BF	0	6	
71C0	0	4	
71C1	0	4	
71C2	0	4	
71C3	0	4	
71C4	0	4	
71C5	0	4	
71C6	0	4	
71C7	0	6	
71C8	0	7	
71C9	0	7	
71CA	0	7	
71CB	0	7	
71CC	0	5	
71CD	0	5	
71CE	0	5	
71CF	0	6	
71D0	0	5	
71D1	0	7	
71D2	0	5	
71D3	0	5	
71D4	0	5	
71D5	0	5	
71D6	0	5	
71D7	0	5	
71D8	0	5	
71D9	0	4	
71DA	0	4	
71DB	0	6	
71DC	0	6	
71DD	0	6	
71DE	0	7	
71DF	0	5	
71E0	0	5	
71E1	0	5	
71E2	0	5	
71E3	0	5	
71E4	0	4	
71E5	0	5	
71E6	0	5	
71E7	0	5	
71E8	0	4	
71E9	0	5	
71EA	0	5	
71EB	0	5	
71EC	0	5	
71ED	0	6	
71EE	0	7	
71EF	0	10	
71F0	0	6	
71F1	0	8	
71F2	0	7	
71F3	0	7	
71F4	0	7	
71F5	0	8	
71F6	0	8	
71F7	0	6	
71F8	0	5	
71F9	0	5	
71FA	0	5	
71FB	0	5	
71FC	0	4	
71FD	0	6	
71FE	0	5	
71FF	0	5	
7200	0	7	
7201	0	6	
7202	0	7	
7203	0	7	
7204	0	7	
7205	0	7	
7206	0	6	
7207	0	6	
7208	0	5	
7209	0	5	
720A	0	5	
720B	0	5	
720C	0	4	
720D	0	4	
720E	0	3	
720F	0	4	
7210	0	3	
7211	0	3	
7212	0	3	
7213	0	3	
7214	0	2	
7215	0	2	
7216	0	2	
7217	0	2	
7218	0	2	
7219	0	2	
721A	0	2	
721B	0	2	
721C	0	3	
721D	0	3	
721E	0	2	
721F	0	4	
7220	0	2	
7221	0	3	
7222	0	3	
7223	0	3	
7224	0	2	
7225	0	2	
7226	0	2	
7227	0	3	
7228	0	3	
7229	0	4	
722A	0	3	
722B	0	2	
722C	0	2	
722D	0	2	
722E	0	2	
722F	0	1	
7230	0	1	
7231	0	2	
7232	0	2	
7233	0	3	
7234	0	1	
7235	0	1	
7236	0	2	
7237	0	3	
7238	0	2	
7239	0	2	
723A	0	4	
723B	0	4	
723C	0	4	
723D	0	5	
723E	0	2	
723F	0	2	
7240	0	3	
7241	0	4	
7242	0	2	
7243	0	1	
7244	0	1	
7245	0	2	
7246	0	4	
7247	0	3	
7248	0	3	
7249	0	3	
724A	0	4	
724B	0	3	
724C	0	4	
724D	0	4	
724E	0	3	
724F	0	3	
7250	0	3	
7251	0	4	
7252	0	3	
7253	0	3	
7254	0	3	
7255	0	3	
7256	0	3	
7257	0	3	
7258	0	3	
7259	0	4	
725A	0	3	
725B	0	3	
725C	0	4	
725D	0	5	
725E	0	2	
725F	0	2	
7260	0	4	
7261	0	2	
7262	0	2	
7263	0	2	
7264	0	2	
7265	0	5	
7266	0	3	
7267	0	2	
7268	0	2	
7269	0	2	
726A	0	2	
726B	0	2	
726C	0	2	
726D	0	2	
726E	0	2	
726F	0	4	
7270	0	4	
7271	0	2	
7272	0	2	
7273	0	3	
7274	0	2	
7275	0	3	
7276	0	2	
7277	0	4	
7278	0	2	
7279	0	2	
727A	0	2	
727B	0	3	
727C	0	3	
727D	0	2	
727E	0	2	
727F	0	4	
7280	0	2	
7281	0	3	
7282	0	2	
7283	0	2	
7284	0	2	
7285	0	2	
7286	0	1	
7287	0	1	
7288	0	1	
7289	0	2	
728A	0	1	
728B	0	2	
728C	0	1	
728D	0	1	
728E	0	1	
728F	0	1	
7290	0	1	
7291	0	1	
7292	0	1	
7293	0	1	
7294	0	1	
7295	0	1	
7296	0	1	
7297	0	1	
7298	0	1	
7299	0	1	
729A	0	1	
729B	0	1	
729C	0	1	
729D	0	1	
729E	0	1	
729F	0	1	
72A0	0	1	
72A1	0	1	
72A2	0	1	
72A3	0	1	
72A4	0	1	
72A5	0	1	
72A6	0	2	
72A7	0	1	
72A8	0	1	
72A9	0	1	
72AA	0	1	
72AB	0	1	
72AC	0	1	
72AD	0	1	
72AE	0	1	
72AF	0	1	
72B0	0	1	
72B1	0	1	
72B2	0	1	
72B3	0	1	
72B4	0	1	
72B5	0	1	
72B6	0	1	
72B7	0	2	
72B8	0	1	
72B9	0	1	
72BA	0	1	
72BB	0	1	
72BC	0	2	
72BD	0	2	
72BE	0	3	
72BF	0	3	
72C0	0	2	
72C1	0	2	
72C2	0	2	
72C3	0	2	
72C4	0	2	
72C5	0	2	
72C6	0	3	
72C7	0	3	
72C8	0	2	
72C9	0	2	
72CA	0	2	
72CB	0	3	
72CC	0	3	
72CD	0	2	
72CE	0	2	
72CF	0	3	
72D0	0	2	
72D1	0	2	
72D2	0	1	
72D3	0	2	
72D4	0	1	
72D5	0	1	
72D6	0	1	
72D7	0	1	
72D8	0	1	
72D9	0	2	
72DA	0	1	
72DB	0	1	
72DC	0	2	
72DD	0	3	
72DE	0	2	
72DF	0	2	
72E0	0	2	
72E1	0	1	
72E2	0	1	
72E3	0	3	
72E4	0	1	
72E5	0	1	
72E6	0	1	
72E7	0	1	
72E8	0	1	
72E9	0	1	
72EA	0	1	
72EB	0	1	
72EC	0	2	
72ED	0	1	
72EE	0	1	
72EF	0	1	
72F0	0	2	
72F1	0	1	
72F2	0	1	
72F3	0	1	
72F4	0	1	
72F5	0	1	
72F6	0	1	
72F7	0	1	
72F8	0	1	
72F9	0	1	
72FA	0	1	
72FB	0	1	
7300	0	1	
7301	0	1	
7302	0	1	
7303	0	1	
7304	0	1	
7305	0	2	
7306	0	1	
7307	0	1	
7319	0	1	
731A	0	1	
731B	0	1	
731C	0	1	
731D	0	1	
731E	0	1	
731F	0	1	
7320	0	1	
7324	0	2	
7325	0	1	
7326	0	1	
732A	0	1	
732E	0	1	
732F	0	1	
7330	0	1	
7336	0	2	
7337	0	1	
7338	0	2	
7339	0	2	
733A	0	2	
733B	0	1	
733C	0	1	
733D	0	1	
733E	0	1	
733F	0	1	
7340	0	2	
7341	0	2	
7342	0	3	
7343	0	2	
7344	0	2	
7345	0	1	
7346	0	1	
7347	0	1	
7348	0	1	
7349	0	1	
734A	0	1	
734B	0	2	
734C	0	1	
734D	0	1	
734E	0	1	
734F	0	1	
7350	0	1	
7351	0	1	
7352	0	1	
7353	0	1	
7354	0	1	
7355	0	1	
7356	0	1	
7357	0	1	
7358	0	1	
7359	0	1	
735A	0	1	
735B	0	1	
735C	0	1	
735D	0	1	
735E	0	1	
735F	0	1	
736C	0	1	
736D	0	1	
736E	0	3	
7370	0	1	
7371	0	1	
7372	0	2	
7373	0	2	
7374	0	2	
7375	0	2	
7376	0	1	
7379	0	1	
737E	0	1	
737F	0	1	
7381	0	1	
7382	0	1	
7383	0	1	
7384	0	1	
7385	0	1	
7387	0	1	
7388	0	4	
738B	0	2	
738D	0	1	
7390	0	3	
7393	0	2	
7394	0	1	
739F	0	1	
73AD	1	0	08
73AE	1	0	00
73AF	1	0	09
73B0	1	0	00
73B1	1	0	04
73B2	1	0	00
73B3	1	0	4B
73B4	1	0	80
73B5	1	0	55
73B6	1	0	1C
73B7	1	0	FB
73B8	1	0	13
73C3	1	3	00
73C4	3	61	80
73C6	1	1	00
73C7	1	0	00
73C8	2	17	33
73C9	1	13	00
73D7	1	0	00
73D8	1	0	00
73D9	1	0	00
73DA	1	0	00
73DB	1	0	00
73DC	1	0	00
73DD	1	0	00
73DE	1	0	00
73DF	1	0	00
73E0	1	0	00
73E1	1	0	00
73E2	1	0	00
73E3	1	0	00
73E4	1	1	00
73E5	1	0	00
73E6	1	0	00
73E7	1	0	00
73E8	1	0	00
73E9	1	0	00
73EA	1	0	00
73EB	1	0	00
73EC	1	0	00
73EE	1	56	00
73EF	2	41	00
73F0	2	60	00
73F1	2	49	00
73F2	1	8	00
73F3	1	8	1B
73F4	1	3	00
73F5	1	3	38
73F6	1	16	00
73F7	1	16	18
73F8	1	8	00
73F9	1	8	00
73FA	1	9	00
73FB	1	9	20
73FE	1	0	04
73FF	1	0	00
